[
    {
        "name": "Israel",
        "code": "IL",
        "slug": "israel",
        "image_url": "https://commons.wikimedia.org/wiki/Special:FilePath/Western_Wall-Jerusalem.jpg?width=800",
        "intro_text": "High-speed coverage in Tel Aviv, Jerusalem and the North.",
        "capital": "Jerusalem",
        "landmark": "the Western Wall",
        "network": "Pelephone",
        "plug": "Type H"
    },
    {
        "name": "USA",
        "code": "US",
        "slug": "usa",
        "image_url": "https://images.unsplash.com/photo-1534430480872-3498386e7856?w=800&q=80",
        "intro_text": "Travel across the United States with high-speed data.",
        "capital": "Washington D.C.",
        "landmark": "Times Square",
        "network": "T-Mobile",
        "plug": "Type A/B"
    },
    {
        "name": "Japan",
        "code": "JP",
        "slug": "japan",
        "image_url": "https://commons.wikimedia.org/wiki/Special:FilePath/Mount_Fuji_from_Lake_Kawaguchi.jpg?width=1200",
        "intro_text": "Stay connected in Tokyo, Kyoto, and beyond.",
        "capital": "Tokyo",
        "landmark": "Shibuya Crossing",
        "network": "Docomo",
        "plug": "Type A"
    },
    {
        "name": "France",
        "code": "FR",
        "slug": "france",
        "image_url": "https://images.unsplash.com/photo-1502602898657-3e91760cbb34?w=800&q=80",
        "intro_text": "Enjoy Paris and the French Riviera without roaming fees.",
        "capital": "Paris",
        "landmark": "the Eiffel Tower",
        "network": "Orange",
        "plug": "Type E"
    },
    {
        "name": "Thailand",
        "code": "TH",
        "slug": "thailand",
        "image_url": "https://images.unsplash.com/photo-1552465011-b4e21bf6e79a?w=800&q=80",
        "intro_text": "Island hopping and Bangkok city life with reliable internet.",
        "capital": "Bangkok",
        "landmark": "the Grand Palace",
        "network": "AIS",
        "plug": "Type A/B"
    },
    {
        "name": "United Kingdom",
        "code": "GB",
        "slug": "united-kingdom",
        "image_url": "https://images.unsplash.com/photo-1513635269975-59663e0ac1ad?w=800&q=80",
        "intro_text": "London, Scotland, and Wales coverage.",
        "capital": "London",
        "landmark": "Big Ben",
        "network": "EE",
        "plug": "Type G"
    },
    {
        "name": "Italy",
        "code": "IT",
        "slug": "italy",
        "image_url": "https://images.unsplash.com/photo-1523906834658-6e24ef2386f9?w=800&q=80",
        "intro_text": "Pizza, pasta, and instant connectivity in Rome.",
        "capital": "Rome",
        "landmark": "the Colosseum",
        "network": "TIM",
        "plug": "Type L"
    },
    {
        "name": "Spain",
        "code": "ES",
        "slug": "spain",
        "image_url": "https://images.unsplash.com/photo-1543783207-ec64e4d95325?w=800&q=80",
        "intro_text": "Barcelona, Madrid, and sunny beaches.",
        "capital": "Madrid",
        "landmark": "Sagrada Fam\u00edlia",
        "network": "Movistar",
        "plug": "Type F"
    },
    {
        "name": "Germany",
        "code": "DE",
        "slug": "germany",
        "image_url": "https://commons.wikimedia.org/wiki/Special:FilePath/Neuschwanstein_Castle_2024.jpg?width=800",
        "intro_text": "",
        "capital": "Berlin",
        "landmark": "Brandenburg Gate",
        "network": "Telekom",
        "plug": "Type F"
    },
    {
        "name": "Turkey",
        "code": "TR",
        "slug": "turkey",
        "image_url": "",
        "intro_text": "",
        "capital": "Ankara",
        "landmark": "Hagia Sophia",
        "network": "Turkcell",
        "plug": "Type F"
    },
    {
        "name": "Australia",
        "code": "AU",
        "slug": "australia",
        "image_url": "",
        "intro_text": "",
        "capital": "Canberra",
        "landmark": "Sydney Opera House",
        "network": "Telstra",
        "plug": "Type I"
    },
    {
        "name": "South Korea",
        "code": "KR",
        "slug": "south-korea",
        "image_url": "",
        "intro_text": "",
        "capital": "Seoul",
        "landmark": "Gyeongbokgung Palace",
        "network": "SK Telecom",
        "plug": "Type F"
    },
    {
        "name": "Singapore",
        "code": "SG",
        "slug": "singapore",
        "image_url": "",
        "intro_text": "",
        "capital": "Singapore",
        "landmark": "Marina Bay Sands",
        "network": "Singtel",
        "plug": "Type G"
    },
    {
        "name": "Indonesia",
        "code": "ID",
        "slug": "indonesia",
        "image_url": "",
        "intro_text": "",
        "capital": "Jakarta",
        "landmark": "Bali Beaches",
        "network": "Telkomsel",
        "plug": "Type C"
    },
    {
        "name": "Canada",
        "code": "CA",
        "slug": "canada",
        "image_url": "",
        "intro_text": "",
        "capital": "Ottawa",
        "landmark": "Niagara Falls",
        "network": "Rogers",
        "plug": "Type A"
    },
    {
        "name": "Mexico",
        "code": "MX",
        "slug": "mexico",
        "image_url": "",
        "intro_text": "",
        "capital": "Mexico City",
        "landmark": "Chichen Itza",
        "network": "Telcel",
        "plug": "Type A"
    },
    {
        "name": "Greece",
        "code": "GR",
        "slug": "greece",
        "image_url": "",
        "intro_text": "",
        "capital": "Athens",
        "landmark": "the Acropolis",
        "network": "Cosmote",
        "plug": "Type F"
    },
    {
        "name": "Portugal",
        "code": "PT",
        "slug": "portugal",
        "image_url": "",
        "intro_text": "",
        "capital": "Lisbon",
        "landmark": "Belem Tower",
        "network": "MEO",
        "plug": "Type F"
    },
    {
        "name": "Netherlands",
        "code": "NL",
        "slug": "netherlands",
        "image_url": "",
        "intro_text": "",
        "capital": "Amsterdam",
        "landmark": "the Canals",
        "network": "KPN/Vodafone",
        "plug": "Type C/F"
    },
    {
        "name": "Switzerland",
        "code": "CH",
        "slug": "switzerland",
        "image_url": "",
        "intro_text": "",
        "capital": "Bern",
        "landmark": "The Matterhorn",
        "network": "Swisscom",
        "plug": "Type J"
    },
    {
        "name": "UAE",
        "code": "AE",
        "slug": "united-arab-emirates",
        "image_url": "",
        "intro_text": "",
        "capital": "Abu Dhabi",
        "landmark": "Burj Khalifa",
        "network": "Etisalat",
        "plug": "Type G"
    }
]