[
  {
    "name": "Israel",
    "slug": "israel",
    "network": "Pelephone",
    "capital": "Jerusalem",
    "landmark": "the Western Wall",
    "plug": "Type H",
    "intro": "High-speed coverage in Tel Aviv, Jerusalem and the North.",
    "image_url": "static/countries/israel.jpg",
    "is_popular": true,
    "image_source_url": "https://plus.unsplash.com/premium_photo-1697729976900-1089e894f05b?mark=https%3A%2F%2Fimages.unsplash.com%2Fopengraph%2Flogo.png&mark-w=64&mark-align=top%2Cleft&mark-pad=50&h=630&w=1200&crop=faces%2Cedges&blend-w=1&blend=000000&blend-mode=normal&blend-alpha=10&auto=format&fit=crop&q=60&ixid=M3wxMjA3fDB8MXxhbGx8fHx8fHx8fHwxNzY2NDQzOTA3fA&ixlib=rb-4.1.0",
    "region": "Asia",
    "code": "IL"
  },
  {
    "name": "USA",
    "slug": "usa",
    "network": "T-Mobile",
    "capital": "Washington D.C.",
    "landmark": "Times Square",
    "plug": "Type A/B",
    "intro": "Travel across the United States with high-speed data.",
    "image_url": "static/countries/usa.jpg",
    "is_popular": true,
    "image_source_url": "https://images.unsplash.com/photo-1534430480872-3498386e7856?w=1600&q=80",
    "region": "Americas",
    "code": "US"
  },
  {
    "name": "Japan",
    "slug": "japan",
    "network": "Docomo",
    "capital": "Tokyo",
    "landmark": "Shibuya Crossing",
    "plug": "Type A",
    "intro": "Stay connected in Tokyo, Kyoto, and beyond.",
    "image_url": "static/countries/japan.jpg",
    "is_popular": true,
    "image_source_url": "https://images.unsplash.com/photo-1542051841857-5f90071e7989?w=1600&q=80",
    "region": "Asia",
    "code": "JP"
  },
  {
    "name": "France",
    "slug": "france",
    "network": "Orange",
    "capital": "Paris",
    "landmark": "the Eiffel Tower",
    "plug": "Type E",
    "intro": "Enjoy Paris and the French Riviera without roaming fees.",
    "image_url": "static/countries/france.jpg",
    "is_popular": true,
    "image_source_url": "https://images.unsplash.com/photo-1502602898657-3e91760cbb34?w=1600&q=80",
    "region": "Europe",
    "code": "FR"
  },
  {
    "name": "Thailand",
    "slug": "thailand",
    "network": "AIS",
    "capital": "Bangkok",
    "landmark": "the Grand Palace",
    "plug": "Type A/B",
    "intro": "Island hopping and Bangkok city life with reliable internet.",
    "image_url": "static/countries/thailand.jpg",
    "is_popular": true,
    "image_source_url": "https://images.unsplash.com/photo-1552465011-b4e21bf6e79a?w=1600&q=80",
    "region": "Asia",
    "code": "TH"
  },
  {
    "name": "United Kingdom",
    "slug": "united-kingdom",
    "network": "EE",
    "capital": "London",
    "landmark": "Big Ben",
    "plug": "Type G",
    "intro": "London, Scotland, and Wales coverage.",
    "image_url": "static/countries/united-kingdom.jpg",
    "is_popular": true,
    "image_source_url": "https://images.unsplash.com/photo-1513635269975-59663e0ac1ad?w=1600&q=80",
    "region": "Europe",
    "code": "GB"
  },
  {
    "name": "Italy",
    "slug": "italy",
    "network": "TIM",
    "capital": "Rome",
    "landmark": "the Colosseum",
    "plug": "Type L",
    "intro": "Pizza, pasta, and instant connectivity in Rome.",
    "image_url": "static/countries/italy.jpg",
    "is_popular": true,
    "image_source_url": "https://images.unsplash.com/photo-1523906834658-6e24ef2386f9?w=1600&q=80",
    "region": "Europe",
    "code": "IT"
  },
  {
    "name": "Spain",
    "slug": "spain",
    "network": "Movistar",
    "capital": "Madrid",
    "landmark": "Sagrada Fam\u00edlia",
    "plug": "Type F",
    "intro": "Barcelona, Madrid, and sunny beaches.",
    "image_url": "static/countries/spain.jpg",
    "is_popular": true,
    "image_source_url": "https://images.unsplash.com/photo-1543783207-ec64e4d95325?w=1600&q=80",
    "region": "Europe",
    "code": "ES"
  },
  {
    "name": "Germany",
    "slug": "germany",
    "network": "Telekom",
    "capital": "Berlin",
    "landmark": "Brandenburg Gate",
    "plug": "Type F",
    "intro": "Experience Munich, Berlin, and the Autobahn connected.",
    "image_url": "static/countries/germany.jpg",
    "is_popular": true,
    "image_source_url": "https://images.unsplash.com/photo-1467269204594-9661b134dd2b?w=1600&q=80",
    "region": "Europe",
    "code": "DE"
  },
  {
    "name": "Turkey",
    "slug": "turkey",
    "network": "Turkcell",
    "capital": "Ankara",
    "landmark": "Hagia Sophia",
    "plug": "Type F",
    "intro": "From Istanbul to Cappadocia, stay online.",
    "image_url": "static/countries/turkey.jpg",
    "is_popular": true,
    "image_source_url": "https://images.unsplash.com/photo-1524231757912-21f4fe3a7200?w=1600&q=80",
    "region": "Europe",
    "code": "TR"
  },
  {
    "name": "Australia",
    "slug": "australia",
    "network": "Telstra",
    "capital": "Canberra",
    "landmark": "Sydney Opera House",
    "plug": "Type I",
    "intro": "Outback adventures and city vibes in Sydney.",
    "image_url": "static/countries/australia.jpg",
    "is_popular": true,
    "image_source_url": "https://images.unsplash.com/photo-1523482580638-01c63b6dd919?w=1600&q=80",
    "region": "Oceania",
    "code": "AU"
  },
  {
    "name": "South Korea",
    "slug": "south-korea",
    "network": "SK Telecom",
    "capital": "Seoul",
    "landmark": "Gyeongbokgung Palace",
    "plug": "Type F",
    "intro": "High-tech connectivity in Seoul.",
    "image_url": "static/countries/south-korea.jpg",
    "is_popular": true,
    "image_source_url": "https://images.unsplash.com/photo-1538485399081-7191377e8241?w=1600&q=80",
    "region": "Asia",
    "code": "KR"
  },
  {
    "name": "Singapore",
    "slug": "singapore",
    "network": "Singtel",
    "capital": "Singapore",
    "landmark": "Marina Bay Sands",
    "plug": "Type G",
    "intro": "Seamless 5G in the Lion City.",
    "image_url": "static/countries/singapore.jpg",
    "is_popular": true,
    "image_source_url": "https://images.unsplash.com/photo-1565967511849-76a60a516170?w=1600&q=80",
    "region": "Asia",
    "code": "SG"
  },
  {
    "name": "Indonesia",
    "slug": "indonesia",
    "network": "Telkomsel",
    "capital": "Jakarta",
    "landmark": "Bali Beaches",
    "plug": "Type C",
    "intro": "Surf, relax, and stream in Bali.",
    "image_url": "static/countries/indonesia.jpg",
    "is_popular": true,
    "image_source_url": "https://images.unsplash.com/photo-1537996194471-e657df975ab4?w=1600&q=80",
    "region": "Asia",
    "code": "ID"
  },
  {
    "name": "Canada",
    "slug": "canada",
    "network": "Rogers",
    "capital": "Ottawa",
    "landmark": "Niagara Falls",
    "plug": "Type A",
    "intro": "From the Rockies to Toronto, stay covered.",
    "image_url": "static/countries/canada.jpg",
    "is_popular": true,
    "image_source_url": "https://images.unsplash.com/photo-1503614472-8c93d56e92ce?w=1600&q=80",
    "region": "Americas",
    "code": "CA"
  },
  {
    "name": "Mexico",
    "slug": "mexico",
    "network": "Telcel",
    "capital": "Mexico City",
    "landmark": "Chichen Itza",
    "plug": "Type A",
    "intro": "Tacos, beaches, and 4G data.",
    "image_url": "static/countries/mexico.jpg",
    "is_popular": true,
    "image_source_url": "https://images.unsplash.com/photo-1512813195386-6cf811ad3542?w=1600&q=80",
    "region": "Americas",
    "code": "MX"
  },
  {
    "name": "Greece",
    "slug": "greece",
    "network": "Cosmote",
    "capital": "Athens",
    "landmark": "the Acropolis",
    "plug": "Type F",
    "intro": "Island vibes and ancient history.",
    "image_url": "static/countries/greece.jpg",
    "is_popular": true,
    "image_source_url": "https://images.unsplash.com/photo-1533105079780-92b9be482077?w=1600&q=80",
    "region": "Europe",
    "code": "GR"
  },
  {
    "name": "Portugal",
    "slug": "portugal",
    "network": "MEO",
    "capital": "Lisbon",
    "landmark": "Belem Tower",
    "plug": "Type F",
    "intro": "Explore Lisbon and Algarve online.",
    "image_url": "static/countries/portugal.jpg",
    "is_popular": true,
    "image_source_url": "https://images.unsplash.com/photo-1569959220744-ff553533f492?mark=https%3A%2F%2Fimages.unsplash.com%2Fopengraph%2Flogo.png&mark-w=64&mark-align=top%2Cleft&mark-pad=50&h=630&w=1200&crop=faces%2Cedges&blend-w=1&blend=000000&blend-mode=normal&blend-alpha=10&auto=format&fit=crop&q=60&ixid=M3wxMjA3fDB8MXxhbGx8fHx8fHx8fHwxNzY2NTI3OTA2fA&ixlib=rb-4.1.0",
    "region": "Europe",
    "code": "PT"
  },
  {
    "name": "Netherlands",
    "slug": "netherlands",
    "network": "KPN",
    "capital": "Amsterdam",
    "landmark": "the Canals",
    "plug": "Type C/F",
    "intro": "Cycling and connectivity in Amsterdam.",
    "image_url": "static/countries/netherlands.jpg",
    "is_popular": true,
    "image_source_url": "https://images.unsplash.com/photo-1547750341-26482cf3a2ac?mark=https%3A%2F%2Fimages.unsplash.com%2Fopengraph%2Flogo.png&mark-w=64&mark-align=top%2Cleft&mark-pad=50&h=630&w=1200&crop=faces%2Cedges&blend-w=1&blend=000000&blend-mode=normal&blend-alpha=10&auto=format&fit=crop&q=60&ixid=M3wxMjA3fDB8MXxhbGx8fHx8fHx8fHwxNzY2NTI3OTMxfA&ixlib=rb-4.1.0",
    "region": "Europe",
    "code": "NL"
  },
  {
    "name": "Switzerland",
    "slug": "switzerland",
    "network": "Swisscom",
    "capital": "Bern",
    "landmark": "The Matterhorn",
    "plug": "Type J",
    "intro": "Alps, chocolate, and fast internet.",
    "image_url": "static/countries/switzerland.jpg",
    "is_popular": true,
    "image_source_url": "https://images.unsplash.com/photo-1530122037265-a5f1f91d3b99?w=1600&q=80",
    "region": "Europe",
    "code": "CH"
  },
  {
    "name": "United Arab Emirates",
    "slug": "united-arab-emirates",
    "code": "AE",
    "region": "Asia",
    "network": "Best Local Network",
    "capital": "Abu Dhabi",
    "landmark": "Burj Khalifa",
    "plug": "Universal",
    "intro": "Stay connected in United Arab Emirates with high-speed data.",
    "image_url": "static/countries/united-arab-emirates.jpg",
    "is_popular": false,
    "image_source_url": "static/countries/united-arab-emirates.jpg"
  },
  {
    "name": "Vietnam",
    "slug": "vietnam",
    "network": "Viettel",
    "capital": "Hanoi",
    "landmark": "Ha Long Bay",
    "plug": "Type A/C",
    "intro": "Pho, coffee, and 4G everywhere.",
    "image_url": "static/countries/vietnam.jpg",
    "image_source_url": "https://images.unsplash.com/photo-1528127269322-539801943592?w=1600&q=80",
    "region": "Asia",
    "code": "VN"
  },
  {
    "name": "Malaysia",
    "slug": "malaysia",
    "network": "Maxis",
    "capital": "Kuala Lumpur",
    "landmark": "Petronas Towers",
    "plug": "Type G",
    "intro": "Diverse culture and digital connectivity.",
    "image_url": "static/countries/malaysia.jpg",
    "image_source_url": "https://images.unsplash.com/photo-1596422846543-75c6fc197f07?w=1600&q=80",
    "region": "Asia",
    "code": "MY"
  },
  {
    "name": "Philippines",
    "slug": "philippines",
    "network": "Globe",
    "capital": "Manila",
    "landmark": "Palawan",
    "plug": "Type A",
    "intro": "7,000 islands, one reliable connection.",
    "image_url": "static/countries/philippines.jpg",
    "image_source_url": "https://images.unsplash.com/photo-1518509562904-e7ef99cdcc86?w=1600&q=80",
    "region": "Asia",
    "code": "PH"
  },
  {
    "name": "India",
    "slug": "india",
    "network": "Jio",
    "capital": "New Delhi",
    "landmark": "Taj Mahal",
    "plug": "Type D",
    "intro": "Incredible India, instantly connected.",
    "image_url": "static/countries/india.jpg",
    "image_source_url": "https://images.unsplash.com/photo-1524492412937-b28074a5d7da?w=1600&q=80",
    "region": "Asia",
    "code": "IN"
  },
  {
    "name": "China",
    "slug": "china",
    "network": "China Mobile",
    "capital": "Beijing",
    "landmark": "Great Wall",
    "plug": "Type A",
    "intro": "Stay connected behind the Great Wall.",
    "image_url": "static/countries/china.jpg",
    "image_source_url": "https://images.unsplash.com/photo-1508804185872-d7badad00f7d?w=1600&q=80",
    "region": "Asia",
    "code": "CN"
  },
  {
    "name": "Brazil",
    "slug": "brazil",
    "network": "Vivo",
    "capital": "Brasilia",
    "landmark": "Christ the Redeemer",
    "plug": "Type N",
    "intro": "Samba, carnival, and seamless data.",
    "image_url": "static/countries/brazil.jpg",
    "image_source_url": "https://images.unsplash.com/photo-1483729558449-99ef09a8c325?w=1600&q=80",
    "region": "Americas",
    "code": "BR"
  },
  {
    "name": "Argentina",
    "slug": "argentina",
    "network": "Personal",
    "capital": "Buenos Aires",
    "landmark": "Patagonia",
    "plug": "Type I",
    "intro": "Tango and trekking with full bars.",
    "image_url": "static/countries/argentina.jpg",
    "image_source_url": "https://images.unsplash.com/photo-1589909202802-8f4aadce1849?w=1600&q=80",
    "region": "Americas",
    "code": "AR"
  },
  {
    "name": "South Africa",
    "slug": "south-africa",
    "network": "Vodacom",
    "capital": "Pretoria",
    "landmark": "Table Mountain",
    "plug": "Type M",
    "intro": "Safari streaming and Cape Town views.",
    "image_url": "static/countries/south-africa.jpg",
    "image_source_url": "https://images.unsplash.com/photo-1580060839134-75a5edca2e27?w=1600&q=80",
    "region": "Africa",
    "code": "ZA"
  },
  {
    "name": "Egypt",
    "slug": "egypt",
    "network": "Vodafone",
    "capital": "Cairo",
    "landmark": "Pyramids of Giza",
    "plug": "Type C",
    "intro": "Ancient history, modern connection.",
    "image_url": "static/countries/egypt.jpg",
    "image_source_url": "https://images.unsplash.com/photo-1539768942893-daf53e448371?mark=https%3A%2F%2Fimages.unsplash.com%2Fopengraph%2Flogo.png&mark-w=64&mark-align=top%2Cleft&mark-pad=50&h=630&w=1200&crop=faces%2Cedges&blend-w=1&blend=000000&blend-mode=normal&blend-alpha=10&auto=format&fit=crop&q=60&ixid=M3wxMjA3fDB8MXxhbGx8fHx8fHx8fHwxNzY2NDQzNDc5fA&ixlib=rb-4.1.0",
    "region": "Africa",
    "code": "EG"
  },
  {
    "name": "Morocco",
    "slug": "morocco",
    "network": "Maroc Telecom",
    "capital": "Rabat",
    "landmark": "Sahara Desert",
    "plug": "Type C",
    "intro": "Souks and deserts without offline maps.",
    "image_url": "static/countries/morocco.jpg",
    "image_source_url": "https://images.unsplash.com/photo-1539020140153-e479b8c22e70?w=1600&q=80",
    "region": "Africa",
    "code": "MA"
  },
  {
    "name": "Czech Republic",
    "slug": "czech-republic",
    "network": "O2",
    "capital": "Prague",
    "landmark": "Charles Bridge",
    "plug": "Type E",
    "intro": "Bohemian vibes and fast 4G.",
    "image_url": "static/countries/czech-republic.jpg",
    "image_source_url": "https://images.unsplash.com/photo-1541849546-216549ae216d?w=1600&q=80",
    "region": "Europe",
    "code": "CZ"
  },
  {
    "name": "Hungary",
    "slug": "hungary",
    "network": "Telekom",
    "capital": "Budapest",
    "landmark": "Parliament Building",
    "plug": "Type C",
    "intro": "Budapest nights and reliable data.",
    "image_url": "static/countries/hungary.jpg",
    "image_source_url": "https://images.unsplash.com/photo-1516764681174-2e86fa26c278?w=1600&q=80",
    "region": "Europe",
    "code": "HU"
  },
  {
    "name": "Poland",
    "slug": "poland",
    "network": "Orange",
    "capital": "Warsaw",
    "landmark": "Old Town Market Place",
    "plug": "Type E",
    "intro": "History and modernity connected.",
    "image_url": "static/countries/poland.jpg",
    "image_source_url": "https://images.unsplash.com/photo-1519197924294-4ba991a11128?w=1600&q=80",
    "region": "Europe",
    "code": "PL"
  },
  {
    "name": "Ireland",
    "slug": "ireland",
    "network": "Vodafone",
    "capital": "Dublin",
    "landmark": "Cliffs of Moher",
    "plug": "Type G",
    "intro": "Emerald Isle adventures online.",
    "image_url": "static/countries/ireland.jpg",
    "image_source_url": "https://images.unsplash.com/photo-1590089415225-401cd6f9ad43?w=1600&q=80",
    "region": "Europe",
    "code": "IE"
  },
  {
    "name": "Sweden",
    "slug": "sweden",
    "network": "Telia",
    "capital": "Stockholm",
    "landmark": "Gamla Stan",
    "plug": "Type F",
    "intro": "Scandi-style connectivity.",
    "image_url": "static/countries/sweden.jpg",
    "image_source_url": "https://images.unsplash.com/photo-1509356843151-3e7d96241e11?w=1600&q=80",
    "region": "Europe",
    "code": "SE"
  },
  {
    "name": "Norway",
    "slug": "norway",
    "network": "Telenor",
    "capital": "Oslo",
    "landmark": "Fjords",
    "plug": "Type F",
    "intro": "Fjords and fast internet.",
    "image_url": "static/countries/norway.jpg",
    "image_source_url": "https://images.unsplash.com/photo-1520630098670-fd4050961c02?w=1600&q=80",
    "region": "Europe",
    "code": "NO"
  },
  {
    "name": "Denmark",
    "slug": "denmark",
    "network": "TDC",
    "capital": "Copenhagen",
    "landmark": "Nyhavn",
    "plug": "Type K",
    "intro": "Hygge and high-speed data.",
    "image_url": "static/countries/denmark.jpg",
    "image_source_url": "https://images.unsplash.com/photo-1513622470522-26c3c8a854bc?w=1600&q=80",
    "region": "Europe",
    "code": "DK"
  },
  {
    "name": "Finland",
    "slug": "finland",
    "network": "Elisa",
    "capital": "Helsinki",
    "landmark": "Northern Lights",
    "plug": "Type F",
    "intro": "Land of a thousand lakes and 5G.",
    "image_url": "static/countries/finland.jpg",
    "image_source_url": "https://images.unsplash.com/photo-1535928392-48dfcd37ebae?w=1600&q=80",
    "region": "Europe",
    "code": "FI"
  },
  {
    "name": "Iceland",
    "slug": "iceland",
    "network": "Siminn",
    "capital": "Reykjavik",
    "landmark": "Blue Lagoon",
    "plug": "Type F",
    "intro": "Fire, ice, and full bars.",
    "image_url": "static/countries/iceland.jpg",
    "image_source_url": "https://images.unsplash.com/photo-1476610182048-b716b8518aae?w=1600&q=80",
    "region": "Europe",
    "code": "IS"
  },
  {
    "name": "Austria",
    "slug": "austria",
    "network": "A1",
    "capital": "Vienna",
    "landmark": "Sch\u00f6nbrunn Palace",
    "plug": "Type F",
    "intro": "Classical music and modern tech.",
    "image_url": "static/countries/austria.jpg",
    "image_source_url": "https://images.unsplash.com/photo-1516550893923-42d28e5677af?w=1600&q=80",
    "region": "Europe",
    "code": "AT"
  },
  {
    "name": "Belgium",
    "slug": "belgium",
    "network": "Proximus",
    "capital": "Brussels",
    "landmark": "Grand Place",
    "plug": "Type E",
    "intro": "Waffles, beer, and bandwidth.",
    "image_url": "static/countries/belgium.jpg",
    "image_source_url": "https://plus.unsplash.com/premium_photo-1661963734315-be9904fe0a07?mark=https%3A%2F%2Fimages.unsplash.com%2Fopengraph%2Flogo.png&mark-w=64&mark-align=top%2Cleft&mark-pad=50&h=630&w=1200&crop=faces%2Cedges&blend-w=1&blend=000000&blend-mode=normal&blend-alpha=10&auto=format&fit=crop&q=60&ixid=M3wxMjA3fDB8MXxhbGx8fHx8fHx8fHwxNzY2NTI3OTU5fA&ixlib=rb-4.1.0",
    "region": "Europe",
    "code": "BE"
  },
  {
    "name": "New Zealand",
    "slug": "new-zealand",
    "network": "Spark",
    "capital": "Wellington",
    "landmark": "Milford Sound",
    "plug": "Type I",
    "intro": "Middle Earth coverage.",
    "image_url": "static/countries/new-zealand.jpg",
    "image_source_url": "https://images.unsplash.com/photo-1507699622177-388898d9903d?w=1600&q=80",
    "region": "Oceania",
    "code": "NZ"
  },
  {
    "name": "Croatia",
    "slug": "croatia",
    "network": "HT",
    "capital": "Zagreb",
    "landmark": "Dubrovnik Walls",
    "plug": "Type F",
    "intro": "Adriatic coast connectivity.",
    "image_url": "static/countries/croatia.jpg",
    "image_source_url": "https://images.unsplash.com/photo-1555992828-ca4dbe41d294?w=1600&q=80",
    "region": "Europe",
    "code": "HR"
  },
  {
    "name": "Chile",
    "slug": "chile",
    "network": "Entel",
    "capital": "Santiago",
    "landmark": "Torres del Paine",
    "plug": "Type L",
    "intro": "From Andes to ocean, stay online.",
    "image_url": "static/countries/chile.jpg",
    "image_source_url": "https://images.unsplash.com/photo-1478827387698-1527781a4887?mark=https%3A%2F%2Fimages.unsplash.com%2Fopengraph%2Flogo.png&mark-w=64&mark-align=top%2Cleft&mark-pad=50&h=630&w=1200&crop=faces%2Cedges&blend-w=1&blend=000000&blend-mode=normal&blend-alpha=10&auto=format&fit=crop&q=60&ixid=M3wxMjA3fDB8MXxhbGx8fHx8fHx8fHwxNzY2NDQ0MDc0fA&ixlib=rb-4.1.0",
    "region": "Americas",
    "code": "CL"
  },
  {
    "name": "Colombia",
    "slug": "colombia",
    "network": "Claro",
    "capital": "Bogota",
    "landmark": "Cartagena Old Town",
    "plug": "Type A",
    "intro": "Coffee and connection.",
    "image_url": "static/countries/colombia.jpg",
    "image_source_url": "https://images.unsplash.com/photo-1531761535209-180857e963b9?w=1600&q=80",
    "region": "Americas",
    "code": "CO"
  },
  {
    "name": "Peru",
    "slug": "peru",
    "network": "Movistar",
    "capital": "Lima",
    "landmark": "Machu Picchu",
    "plug": "Type A",
    "intro": "Inca trails and internet trails.",
    "image_url": "static/countries/peru.jpg",
    "image_source_url": "https://images.unsplash.com/photo-1526392060635-9d6019884377?w=1600&q=80",
    "region": "Americas",
    "code": "PE"
  },
  {
    "name": "Qatar",
    "slug": "qatar",
    "network": "Ooredoo",
    "capital": "Doha",
    "landmark": "Souq Waqif",
    "plug": "Type G",
    "intro": "Desert luxury and 5G.",
    "image_url": "static/countries/qatar.jpg",
    "image_source_url": "https://images.unsplash.com/photo-1575379583168-3e4b341f530e?w=1600&q=80",
    "region": "Asia",
    "code": "QA"
  },
  {
    "name": "Saudi Arabia",
    "slug": "saudi-arabia",
    "network": "STC",
    "capital": "Riyadh",
    "landmark": "Kingdom Centre",
    "plug": "Type G",
    "intro": "Kingdom-wide coverage.",
    "image_url": "static/countries/saudi-arabia.jpg",
    "image_source_url": "https://images.unsplash.com/photo-1586724237569-f3d0c1dee8c6?w=1600&q=80",
    "region": "Asia",
    "code": "SA"
  },
  {
    "name": "Moldova",
    "slug": "moldova",
    "network": "Orange",
    "capital": "Chisinau",
    "landmark": "Orheiul Vechi",
    "plug": "Type F",
    "intro": "Wine country connectivity.",
    "image_url": "static/countries/moldova.jpg",
    "image_source_url": "https://images.unsplash.com/photo-1629045951387-6d86eb2aad3d?mark=https%3A%2F%2Fimages.unsplash.com%2Fopengraph%2Flogo.png&mark-w=64&mark-align=top%2Cleft&mark-pad=50&h=630&w=1200&crop=faces%2Cedges&blend-w=1&blend=000000&blend-mode=normal&blend-alpha=10&auto=format&fit=crop&q=60&ixid=M3wxMjA3fDB8MXxhbGx8fHx8fHx8fHwxNzY2NDQ0MTU5fA&ixlib=rb-4.1.0",
    "region": "Europe",
    "code": "MD"
  },
  {
    "name": "Cote d'Ivoire",
    "slug": "cote-divoire",
    "code": "CI",
    "region": "Africa",
    "network": "Best Local Network",
    "capital": "Yamoussoukro",
    "landmark": "Basilica of Our Lady of Peace",
    "plug": "Universal",
    "intro": "Stay connected in Cote d'Ivoire with high-speed data.",
    "image_url": "static/countries/cote-divoire.jpg",
    "is_popular": false,
    "image_source_url": "static/countries/cote-divoire.jpg"
  },
  {
    "name": "Myanmar",
    "slug": "myanmar",
    "code": "MM",
    "region": "Asia",
    "network": "Best Local Network",
    "capital": "Naypyidaw",
    "landmark": "Shwedagon Pagoda",
    "plug": "Universal",
    "intro": "Stay connected in Myanmar with high-speed data.",
    "image_url": "static/countries/myanmar.jpg",
    "is_popular": false,
    "image_source_url": "static/countries/myanmar.jpg"
  },
  {
    "name": "Anguilla",
    "slug": "anguilla",
    "code": "AI",
    "region": "Americas",
    "network": "Best Local Network",
    "capital": "The Valley",
    "landmark": "City Center",
    "plug": "Universal",
    "intro": "Stay connected in Anguilla with high-speed data.",
    "image_url": "static/countries/anguilla.jpg",
    "is_popular": false,
    "image_source_url": "static/countries/anguilla.jpg"
  },
  {
    "name": "Antigua and Barbuda",
    "slug": "antigua-and-barbuda",
    "code": "AG",
    "region": "Americas",
    "network": "Best Local Network",
    "capital": "Saint John's",
    "landmark": "City Center",
    "plug": "Universal",
    "intro": "Stay connected in Antigua and Barbuda with high-speed data.",
    "image_url": "static/countries/antigua-and-barbuda.jpg",
    "is_popular": false,
    "image_source_url": "static/countries/antigua-and-barbuda.jpg"
  },
  {
    "name": "Aruba",
    "slug": "aruba",
    "code": "AW",
    "region": "Americas",
    "network": "Best Local Network",
    "capital": "Oranjestad",
    "landmark": "City Center",
    "plug": "Universal",
    "intro": "Stay connected in Aruba with high-speed data.",
    "image_url": "static/countries/aruba.jpg",
    "is_popular": false,
    "image_source_url": "static/countries/aruba.jpg"
  },
  {
    "name": "Bahamas",
    "slug": "bahamas",
    "code": "BS",
    "region": "Americas",
    "network": "Best Local Network",
    "capital": "Nassau",
    "landmark": "City Center",
    "plug": "Universal",
    "intro": "Stay connected in Bahamas with high-speed data.",
    "image_url": "static/countries/bahamas.jpg",
    "is_popular": false,
    "image_source_url": "static/countries/bahamas.jpg"
  },
  {
    "name": "Bahrain",
    "slug": "bahrain",
    "code": "BH",
    "region": "Asia",
    "network": "Best Local Network",
    "capital": "Manama",
    "landmark": "City Center",
    "plug": "Universal",
    "intro": "Stay connected in Bahrain with high-speed data.",
    "image_url": "static/countries/bahrain.jpg",
    "is_popular": false,
    "image_source_url": "static/countries/bahrain.jpg"
  },
  {
    "name": "Benin",
    "slug": "benin",
    "code": "BJ",
    "region": "Africa",
    "network": "Best Local Network",
    "capital": "Porto-Novo",
    "landmark": "City Center",
    "plug": "Universal",
    "intro": "Stay connected in Benin with high-speed data.",
    "image_url": "static/countries/benin.jpg",
    "is_popular": false,
    "image_source_url": "static/countries/benin.jpg"
  },
  {
    "name": "Bermuda",
    "slug": "bermuda",
    "code": "BM",
    "region": "Americas",
    "network": "Best Local Network",
    "capital": "Hamilton",
    "landmark": "City Center",
    "plug": "Universal",
    "intro": "Stay connected in Bermuda with high-speed data.",
    "image_url": "static/countries/bermuda.jpg",
    "is_popular": false,
    "image_source_url": "static/countries/bermuda.jpg"
  },
  {
    "name": "Bhutan",
    "slug": "bhutan",
    "code": "BT",
    "region": "Asia",
    "network": "Best Local Network",
    "capital": "Thimphu",
    "landmark": "City Center",
    "plug": "Universal",
    "intro": "Stay connected in Bhutan with high-speed data.",
    "image_url": "static/countries/bhutan.jpg",
    "is_popular": false,
    "image_source_url": "static/countries/bhutan.jpg"
  },
  {
    "name": "Sint Eustatius",
    "slug": "sint-eustatius",
    "code": "BQ",
    "region": "Americas",
    "network": "Best Local Network",
    "capital": "Oranjestad",
    "landmark": "City Center",
    "plug": "Universal",
    "intro": "Stay connected in Sint Eustatius with high-speed data.",
    "image_url": "static/countries/sint-eustatius.jpg",
    "is_popular": false,
    "image_source_url": "static/countries/sint-eustatius.jpg"
  },
  {
    "name": "Botswana",
    "slug": "botswana",
    "code": "BW",
    "region": "Africa",
    "network": "Best Local Network",
    "capital": "Gaborone",
    "landmark": "City Center",
    "plug": "Universal",
    "intro": "Stay connected in Botswana with high-speed data.",
    "image_url": "static/countries/botswana.jpg",
    "is_popular": false,
    "image_source_url": "static/countries/botswana.jpg"
  },
  {
    "name": "Brunei",
    "slug": "brunei",
    "code": "BN",
    "region": "Asia",
    "network": "Best Local Network",
    "capital": "Bandar Seri Begawan",
    "landmark": "City Center",
    "plug": "Universal",
    "intro": "Stay connected in Brunei with high-speed data.",
    "image_url": "static/countries/brunei.jpg",
    "is_popular": false,
    "image_source_url": "static/countries/brunei.jpg"
  },
  {
    "name": "Burkina Faso",
    "slug": "burkina-faso",
    "code": "BF",
    "region": "Africa",
    "network": "Best Local Network",
    "capital": "Ouagadougou",
    "landmark": "City Center",
    "plug": "Universal",
    "intro": "Stay connected in Burkina Faso with high-speed data.",
    "image_url": "static/countries/burkina-faso.jpg",
    "is_popular": false,
    "image_source_url": "static/countries/burkina-faso.jpg"
  },
  {
    "name": "Cameroon",
    "slug": "cameroon",
    "code": "CM",
    "region": "Africa",
    "network": "Best Local Network",
    "capital": "Yaound\u00e9",
    "landmark": "City Center",
    "plug": "Universal",
    "intro": "Stay connected in Cameroon with high-speed data.",
    "image_url": "static/countries/cameroon.jpg",
    "is_popular": false,
    "image_source_url": "static/countries/cameroon.jpg"
  },
  {
    "name": "Cape Verde",
    "slug": "cape-verde",
    "code": "CV",
    "region": "Africa",
    "network": "Best Local Network",
    "capital": "Praia",
    "landmark": "City Center",
    "plug": "Universal",
    "intro": "Stay connected in Cape Verde with high-speed data.",
    "image_url": "static/countries/cape-verde.jpg",
    "is_popular": false,
    "image_source_url": "static/countries/cape-verde.jpg"
  },
  {
    "name": "Cayman Islands",
    "slug": "cayman-islands",
    "code": "KY",
    "region": "Americas",
    "network": "Best Local Network",
    "capital": "George Town",
    "landmark": "City Center",
    "plug": "Universal",
    "intro": "Stay connected in Cayman Islands with high-speed data.",
    "image_url": "static/countries/cayman-islands.jpg",
    "is_popular": false,
    "image_source_url": "static/countries/cayman-islands.jpg"
  },
  {
    "name": "Central African Republic",
    "slug": "central-african-republic",
    "code": "CF",
    "region": "Africa",
    "network": "Best Local Network",
    "capital": "Bangui",
    "landmark": "City Center",
    "plug": "Universal",
    "intro": "Stay connected in Central African Republic with high-speed data.",
    "image_url": "static/countries/central-african-republic.jpg",
    "is_popular": false,
    "image_source_url": "static/countries/central-african-republic.jpg"
  },
  {
    "name": "Chad",
    "slug": "chad",
    "code": "TD",
    "region": "Africa",
    "network": "Best Local Network",
    "capital": "N'Djamena",
    "landmark": "City Center",
    "plug": "Universal",
    "intro": "Stay connected in Chad with high-speed data.",
    "image_url": "static/countries/chad.jpg",
    "is_popular": false,
    "image_source_url": "static/countries/chad.jpg"
  },
  {
    "name": "Curacao",
    "slug": "curacao",
    "code": "CW",
    "region": "Americas",
    "network": "Best Local Network",
    "capital": "Willemstad",
    "landmark": "City Center",
    "plug": "Universal",
    "intro": "Stay connected in Curacao with high-speed data.",
    "image_url": "static/countries/curacao.jpg",
    "is_popular": false,
    "image_source_url": "static/countries/curacao.jpg"
  },
  {
    "name": "Dominica",
    "slug": "dominica",
    "code": "DM",
    "region": "Americas",
    "network": "Best Local Network",
    "capital": "Roseau",
    "landmark": "City Center",
    "plug": "Universal",
    "intro": "Stay connected in Dominica with high-speed data.",
    "image_url": "static/countries/dominica.jpg",
    "is_popular": false,
    "image_source_url": "static/countries/dominica.jpg"
  },
  {
    "name": "DR Congo",
    "slug": "dr-congo",
    "code": "CD",
    "region": "Africa",
    "network": "Best Local Network",
    "capital": "Kinshasa",
    "landmark": "City Center",
    "plug": "Universal",
    "intro": "Stay connected in DR Congo with high-speed data.",
    "image_url": "static/countries/dr-congo.jpg",
    "is_popular": false,
    "image_source_url": "static/countries/dr-congo.jpg"
  },
  {
    "name": "Republic of the Congo",
    "slug": "republic-of-the-congo",
    "code": "CG",
    "region": "Africa",
    "network": "Best Local Network",
    "capital": "Brazzaville",
    "landmark": "City Center",
    "plug": "Universal",
    "intro": "Stay connected in Republic of the Congo with high-speed data.",
    "image_url": "static/countries/republic-of-the-congo.jpg",
    "is_popular": false,
    "image_source_url": "static/countries/republic-of-the-congo.jpg"
  },
  {
    "name": "Eswatini",
    "slug": "eswatini",
    "code": "SZ",
    "region": "Africa",
    "network": "Best Local Network",
    "capital": "Mbabane",
    "landmark": "City Center",
    "plug": "Universal",
    "intro": "Stay connected in Eswatini with high-speed data.",
    "image_url": "static/countries/eswatini.jpg",
    "is_popular": false,
    "image_source_url": "static/countries/eswatini.jpg"
  },
  {
    "name": "Ethiopia",
    "slug": "ethiopia",
    "code": "ET",
    "region": "Africa",
    "network": "Best Local Network",
    "capital": "Addis Ababa",
    "landmark": "City Center",
    "plug": "Universal",
    "intro": "Stay connected in Ethiopia with high-speed data.",
    "image_url": "static/countries/ethiopia.jpg",
    "is_popular": false,
    "image_source_url": "static/countries/ethiopia.jpg"
  },
  {
    "name": "Faroe Islands",
    "slug": "faroe-islands",
    "code": "FO",
    "region": "Europe",
    "network": "Best Local Network",
    "capital": "T\u00f3rshavn",
    "landmark": "City Center",
    "plug": "Universal",
    "intro": "Stay connected in Faroe Islands with high-speed data.",
    "image_url": "static/countries/faroe-islands.jpg",
    "is_popular": false,
    "image_source_url": "static/countries/faroe-islands.jpg"
  },
  {
    "name": "Fiji",
    "slug": "fiji",
    "code": "FJ",
    "region": "Oceania",
    "network": "Best Local Network",
    "capital": "Suva",
    "landmark": "City Center",
    "plug": "Universal",
    "intro": "Stay connected in Fiji with high-speed data.",
    "image_url": "static/countries/fiji.jpg",
    "is_popular": false,
    "image_source_url": "static/countries/fiji.jpg"
  },
  {
    "name": "French Guiana",
    "slug": "french-guiana",
    "code": "GF",
    "region": "Americas",
    "network": "Best Local Network",
    "capital": "Cayenne",
    "landmark": "City Center",
    "plug": "Universal",
    "intro": "Stay connected in French Guiana with high-speed data.",
    "image_url": "static/countries/french-guiana.jpg",
    "is_popular": false,
    "image_source_url": "static/countries/french-guiana.jpg"
  },
  {
    "name": "Gabon",
    "slug": "gabon",
    "code": "GA",
    "region": "Africa",
    "network": "Best Local Network",
    "capital": "Libreville",
    "landmark": "City Center",
    "plug": "Universal",
    "intro": "Stay connected in Gabon with high-speed data.",
    "image_url": "static/countries/gabon.jpg",
    "is_popular": false,
    "image_source_url": "static/countries/gabon.jpg"
  },
  {
    "name": "Gambia",
    "slug": "gambia",
    "code": "GM",
    "region": "Africa",
    "network": "Best Local Network",
    "capital": "Banjul",
    "landmark": "City Center",
    "plug": "Universal",
    "intro": "Stay connected in Gambia with high-speed data.",
    "image_url": "static/countries/gambia.jpg",
    "is_popular": false,
    "image_source_url": "static/countries/gambia.jpg"
  },
  {
    "name": "Gibraltar",
    "slug": "gibraltar",
    "code": "GI",
    "region": "Europe",
    "network": "Best Local Network",
    "capital": "Gibraltar",
    "landmark": "City Center",
    "plug": "Universal",
    "intro": "Stay connected in Gibraltar with high-speed data.",
    "image_url": "static/countries/gibraltar.jpg",
    "is_popular": false,
    "image_source_url": "static/countries/gibraltar.jpg"
  },
  {
    "name": "Greenland",
    "slug": "greenland",
    "code": "GL",
    "region": "Americas",
    "network": "Best Local Network",
    "capital": "Nuuk",
    "landmark": "City Center",
    "plug": "Universal",
    "intro": "Stay connected in Greenland with high-speed data.",
    "image_url": "static/countries/greenland.jpg",
    "is_popular": false,
    "image_source_url": "static/countries/greenland.jpg"
  },
  {
    "name": "Grenada",
    "slug": "grenada",
    "code": "GD",
    "region": "Americas",
    "network": "Best Local Network",
    "capital": "Saint George's",
    "landmark": "City Center",
    "plug": "Universal",
    "intro": "Stay connected in Grenada with high-speed data.",
    "image_url": "static/countries/grenada.jpg",
    "is_popular": false,
    "image_source_url": "static/countries/grenada.jpg"
  },
  {
    "name": "Guadeloupe",
    "slug": "guadeloupe",
    "code": "GP",
    "region": "Americas",
    "network": "Best Local Network",
    "capital": "Basse-Terre",
    "landmark": "City Center",
    "plug": "Universal",
    "intro": "Stay connected in Guadeloupe with high-speed data.",
    "image_url": "static/countries/guadeloupe.jpg",
    "is_popular": false,
    "image_source_url": "static/countries/guadeloupe.jpg"
  },
  {
    "name": "Guam",
    "slug": "guam",
    "code": "GU",
    "region": "Oceania",
    "network": "Best Local Network",
    "capital": "Hag\u00e5t\u00f1a",
    "landmark": "City Center",
    "plug": "Universal",
    "intro": "Stay connected in Guam with high-speed data.",
    "image_url": "static/countries/guam.jpg",
    "is_popular": false,
    "image_source_url": "static/countries/guam.jpg"
  },
  {
    "name": "Guinea",
    "slug": "guinea",
    "code": "GN",
    "region": "Africa",
    "network": "Best Local Network",
    "capital": "Conakry",
    "landmark": "City Center",
    "plug": "Universal",
    "intro": "Stay connected in Guinea with high-speed data.",
    "image_url": "static/countries/guinea.jpg",
    "is_popular": false,
    "image_source_url": "static/countries/guinea.jpg"
  },
  {
    "name": "Guinea-Bissau",
    "slug": "guinea-bissau",
    "code": "GW",
    "region": "Africa",
    "network": "Best Local Network",
    "capital": "Bissau",
    "landmark": "City Center",
    "plug": "Universal",
    "intro": "Stay connected in Guinea-Bissau with high-speed data.",
    "image_url": "static/countries/guinea-bissau.jpg",
    "is_popular": false,
    "image_source_url": "static/countries/guinea-bissau.jpg"
  },
  {
    "name": "Guyana",
    "slug": "guyana",
    "code": "GY",
    "region": "Americas",
    "network": "Best Local Network",
    "capital": "Georgetown",
    "landmark": "City Center",
    "plug": "Universal",
    "intro": "Stay connected in Guyana with high-speed data.",
    "image_url": "static/countries/guyana.jpg",
    "is_popular": false,
    "image_source_url": "static/countries/guyana.jpg"
  },
  {
    "name": "Haiti",
    "slug": "haiti",
    "code": "HT",
    "region": "Americas",
    "network": "Best Local Network",
    "capital": "Port-au-Prince",
    "landmark": "City Center",
    "plug": "Universal",
    "intro": "Stay connected in Haiti with high-speed data.",
    "image_url": "static/countries/haiti.jpg",
    "is_popular": false,
    "image_source_url": "static/countries/haiti.jpg"
  },
  {
    "name": "Iraq",
    "slug": "iraq",
    "code": "IQ",
    "region": "Asia",
    "network": "Best Local Network",
    "capital": "Baghdad",
    "landmark": "City Center",
    "plug": "Universal",
    "intro": "Stay connected in Iraq with high-speed data.",
    "image_url": "static/countries/iraq.jpg",
    "is_popular": false,
    "image_source_url": "static/countries/iraq.jpg"
  },
  {
    "name": "Isle of Man",
    "slug": "isle-of-man",
    "code": "IM",
    "region": "Europe",
    "network": "Best Local Network",
    "capital": "Douglas",
    "landmark": "City Center",
    "plug": "Universal",
    "intro": "Stay connected in Isle of Man with high-speed data.",
    "image_url": "static/countries/isle-of-man.jpg",
    "is_popular": false,
    "image_source_url": "static/countries/isle-of-man.jpg"
  },
  {
    "name": "Jersey",
    "slug": "jersey",
    "code": "JE",
    "region": "Europe",
    "network": "Best Local Network",
    "capital": "Saint Helier",
    "landmark": "City Center",
    "plug": "Universal",
    "intro": "Stay connected in Jersey with high-speed data.",
    "image_url": "static/countries/jersey.jpg",
    "is_popular": false,
    "image_source_url": "static/countries/jersey.jpg"
  },
  {
    "name": "Kosovo",
    "slug": "kosovo",
    "code": "XK",
    "region": "Europe",
    "network": "Best Local Network",
    "capital": "Pristina",
    "landmark": "City Center",
    "plug": "Universal",
    "intro": "Stay connected in Kosovo with high-speed data.",
    "image_url": "static/countries/kosovo.jpg",
    "is_popular": false,
    "image_source_url": "static/countries/kosovo.jpg"
  },
  {
    "name": "Lesotho",
    "slug": "lesotho",
    "code": "LS",
    "region": "Africa",
    "network": "Best Local Network",
    "capital": "Maseru",
    "landmark": "City Center",
    "plug": "Universal",
    "intro": "Stay connected in Lesotho with high-speed data.",
    "image_url": "static/countries/lesotho.jpg",
    "is_popular": false,
    "image_source_url": "static/countries/lesotho.jpg"
  },
  {
    "name": "Liberia",
    "slug": "liberia",
    "code": "LR",
    "region": "Africa",
    "network": "Best Local Network",
    "capital": "Monrovia",
    "landmark": "City Center",
    "plug": "Universal",
    "intro": "Stay connected in Liberia with high-speed data.",
    "image_url": "static/countries/liberia.jpg",
    "is_popular": false,
    "image_source_url": "static/countries/liberia.jpg"
  },
  {
    "name": "Liechtenstein",
    "slug": "liechtenstein",
    "code": "LI",
    "region": "Europe",
    "network": "Best Local Network",
    "capital": "Vaduz",
    "landmark": "City Center",
    "plug": "Universal",
    "intro": "Stay connected in Liechtenstein with high-speed data.",
    "image_url": "static/countries/liechtenstein.jpg",
    "is_popular": false,
    "image_source_url": "static/countries/liechtenstein.jpg"
  },
  {
    "name": "Macau",
    "slug": "macau",
    "code": "MO",
    "region": "Asia",
    "network": "Best Local Network",
    "capital": "Macau",
    "landmark": "City Center",
    "plug": "Universal",
    "intro": "Stay connected in Macau with high-speed data.",
    "image_url": "static/countries/macau.jpg",
    "is_popular": false,
    "image_source_url": "static/countries/macau.jpg"
  },
  {
    "name": "Madagascar",
    "slug": "madagascar",
    "code": "MG",
    "region": "Africa",
    "network": "Best Local Network",
    "capital": "Antananarivo",
    "landmark": "City Center",
    "plug": "Universal",
    "intro": "Stay connected in Madagascar with high-speed data.",
    "image_url": "static/countries/madagascar.jpg",
    "is_popular": false,
    "image_source_url": "static/countries/madagascar.jpg"
  },
  {
    "name": "Malawi",
    "slug": "malawi",
    "code": "MW",
    "region": "Africa",
    "network": "Best Local Network",
    "capital": "Lilongwe",
    "landmark": "City Center",
    "plug": "Universal",
    "intro": "Stay connected in Malawi with high-speed data.",
    "image_url": "static/countries/malawi.jpg",
    "is_popular": false,
    "image_source_url": "static/countries/malawi.jpg"
  },
  {
    "name": "Maldives",
    "slug": "maldives",
    "code": "MV",
    "region": "Asia",
    "network": "Best Local Network",
    "capital": "Mal\u00e9",
    "landmark": "City Center",
    "plug": "Universal",
    "intro": "Stay connected in Maldives with high-speed data.",
    "image_url": "static/countries/maldives.jpg",
    "is_popular": false,
    "image_source_url": "static/countries/maldives.jpg"
  },
  {
    "name": "Mali",
    "slug": "mali",
    "code": "ML",
    "region": "Africa",
    "network": "Best Local Network",
    "capital": "Bamako",
    "landmark": "City Center",
    "plug": "Universal",
    "intro": "Stay connected in Mali with high-speed data.",
    "image_url": "static/countries/mali.jpg",
    "is_popular": false,
    "image_source_url": "static/countries/mali.jpg"
  },
  {
    "name": "Martinique",
    "slug": "martinique",
    "code": "MQ",
    "region": "Americas",
    "network": "Best Local Network",
    "capital": "Fort-de-France",
    "landmark": "City Center",
    "plug": "Universal",
    "intro": "Stay connected in Martinique with high-speed data.",
    "image_url": "static/countries/martinique.jpg",
    "is_popular": false,
    "image_source_url": "static/countries/martinique.jpg"
  },
  {
    "name": "Mauritius",
    "slug": "mauritius",
    "code": "MU",
    "region": "Africa",
    "network": "Best Local Network",
    "capital": "Port Louis",
    "landmark": "City Center",
    "plug": "Universal",
    "intro": "Stay connected in Mauritius with high-speed data.",
    "image_url": "static/countries/mauritius.jpg",
    "is_popular": false,
    "image_source_url": "static/countries/mauritius.jpg"
  },
  {
    "name": "Mayotte",
    "slug": "mayotte",
    "code": "YT",
    "region": "Africa",
    "network": "Best Local Network",
    "capital": "Mamoudzou",
    "landmark": "City Center",
    "plug": "Universal",
    "intro": "Stay connected in Mayotte with high-speed data.",
    "image_url": "static/countries/mayotte.jpg",
    "is_popular": false,
    "image_source_url": "static/countries/mayotte.jpg"
  },
  {
    "name": "Mongolia",
    "slug": "mongolia",
    "code": "MN",
    "region": "Asia",
    "network": "Best Local Network",
    "capital": "Ulaanbaatar",
    "landmark": "City Center",
    "plug": "Universal",
    "intro": "Stay connected in Mongolia with high-speed data.",
    "image_url": "static/countries/mongolia.jpg",
    "is_popular": false,
    "image_source_url": "static/countries/mongolia.jpg"
  },
  {
    "name": "Montserrat",
    "slug": "montserrat",
    "code": "MS",
    "region": "Americas",
    "network": "Best Local Network",
    "capital": "Plymouth",
    "landmark": "City Center",
    "plug": "Universal",
    "intro": "Stay connected in Montserrat with high-speed data.",
    "image_url": "static/countries/montserrat.jpg",
    "is_popular": false,
    "image_source_url": "static/countries/montserrat.jpg"
  },
  {
    "name": "Mozambique",
    "slug": "mozambique",
    "code": "MZ",
    "region": "Africa",
    "network": "Best Local Network",
    "capital": "Maputo",
    "landmark": "City Center",
    "plug": "Universal",
    "intro": "Stay connected in Mozambique with high-speed data.",
    "image_url": "static/countries/mozambique.jpg",
    "is_popular": false,
    "image_source_url": "static/countries/mozambique.jpg"
  },
  {
    "name": "Namibia",
    "slug": "namibia",
    "code": "NA",
    "region": "Africa",
    "network": "Best Local Network",
    "capital": "Windhoek",
    "landmark": "City Center",
    "plug": "Universal",
    "intro": "Stay connected in Namibia with high-speed data.",
    "image_url": "static/countries/namibia.jpg",
    "is_popular": false,
    "image_source_url": "static/countries/namibia.jpg"
  },
  {
    "name": "Nauru",
    "slug": "nauru",
    "code": "NR",
    "region": "Oceania",
    "network": "Best Local Network",
    "capital": "Yaren",
    "landmark": "City Center",
    "plug": "Universal",
    "intro": "Stay connected in Nauru with high-speed data.",
    "image_url": "static/countries/nauru.jpg",
    "is_popular": false,
    "image_source_url": "static/countries/nauru.jpg"
  },
  {
    "name": "Niger",
    "slug": "niger",
    "code": "NE",
    "region": "Africa",
    "network": "Best Local Network",
    "capital": "Niamey",
    "landmark": "City Center",
    "plug": "Universal",
    "intro": "Stay connected in Niger with high-speed data.",
    "image_url": "static/countries/niger.jpg",
    "is_popular": false,
    "image_source_url": "static/countries/niger.jpg"
  },
  {
    "name": "Cyprus",
    "slug": "cyprus",
    "code": "CY",
    "region": "Europe",
    "network": "Cyta",
    "capital": "Nicosia",
    "landmark": "Aphrodite's Rock",
    "plug": "Type G",
    "intro": "Beaches, mountains, and history in the Mediterranean.",
    "is_popular": false,
    "image_source_url": "https://images.unsplash.com/photo-1530841377377-3ff06c0ca9d4?w=1600&q=80",
    "image_url": "static/countries/cyprus.jpg"
  },
  {
    "name": "Northern Cyprus",
    "slug": "northern-cyprus",
    "code": "NC",
    "region": "Europe",
    "network": "Best Local Network",
    "capital": "Nicosia",
    "landmark": "Kyrenia Harbour",
    "plug": "Type G",
    "intro": "Discover the northern coast and ancient castles.",
    "is_popular": false,
    "image_source_url": "static/countries/northern-cyprus.jpg",
    "image_url": "static/countries/northern-cyprus.jpg",
    "flag_url": "static/countries/northern-cyprus-flag.svg"
  },
  {
    "name": "Papua New Guinea",
    "slug": "papua-new-guinea",
    "code": "PG",
    "region": "Oceania",
    "network": "Best Local Network",
    "capital": "Port Moresby",
    "landmark": "City Center",
    "plug": "Universal",
    "intro": "Stay connected in Papua New Guinea with high-speed data.",
    "image_url": "static/countries/papua-new-guinea.jpg",
    "is_popular": false,
    "image_source_url": "static/countries/papua-new-guinea.jpg"
  },
  {
    "name": "Reunion",
    "slug": "reunion",
    "code": "RE",
    "region": "Africa",
    "network": "Best Local Network",
    "capital": "Saint-Denis",
    "landmark": "City Center",
    "plug": "Universal",
    "intro": "Stay connected in Reunion with high-speed data.",
    "image_url": "static/countries/reunion.jpg",
    "is_popular": false,
    "image_source_url": "static/countries/reunion.jpg"
  },
  {
    "name": "Rwanda",
    "slug": "rwanda",
    "code": "RW",
    "region": "Africa",
    "network": "Best Local Network",
    "capital": "Kigali",
    "landmark": "City Center",
    "plug": "Universal",
    "intro": "Stay connected in Rwanda with high-speed data.",
    "image_url": "static/countries/rwanda.jpg",
    "is_popular": false,
    "image_source_url": "static/countries/rwanda.jpg"
  },
  {
    "name": "Saint Barthelemy",
    "slug": "saint-barthelemy",
    "code": "BL",
    "region": "Americas",
    "network": "Best Local Network",
    "capital": "Gustavia",
    "landmark": "City Center",
    "plug": "Universal",
    "intro": "Stay connected in Saint Barthelemy with high-speed data.",
    "image_url": "static/countries/saint-barthelemy.jpg",
    "is_popular": false,
    "image_source_url": "static/countries/saint-barthelemy.jpg"
  },
  {
    "name": "Saint Kitts and Nevis",
    "slug": "saint-kitts-and-nevis",
    "code": "KN",
    "region": "Americas",
    "network": "Best Local Network",
    "capital": "Basseterre",
    "landmark": "City Center",
    "plug": "Universal",
    "intro": "Stay connected in Saint Kitts and Nevis with high-speed data.",
    "image_url": "static/countries/saint-kitts-and-nevis.jpg",
    "is_popular": false,
    "image_source_url": "static/countries/saint-kitts-and-nevis.jpg"
  },
  {
    "name": "Saint Lucia",
    "slug": "saint-lucia",
    "code": "LC",
    "region": "Americas",
    "network": "Best Local Network",
    "capital": "Castries",
    "landmark": "City Center",
    "plug": "Universal",
    "intro": "Stay connected in Saint Lucia with high-speed data.",
    "image_url": "static/countries/saint-lucia.jpg",
    "is_popular": false,
    "image_source_url": "static/countries/saint-lucia.jpg"
  },
  {
    "name": "Saint Martin",
    "slug": "saint-martin",
    "code": "MF",
    "region": "Americas",
    "network": "Best Local Network",
    "capital": "Marigot",
    "landmark": "City Center",
    "plug": "Universal",
    "intro": "Stay connected in Saint Martin with high-speed data.",
    "image_url": "static/countries/saint-martin.jpg",
    "is_popular": false,
    "image_source_url": "static/countries/saint-martin.jpg"
  },
  {
    "name": "Saint Vincent and the Grenadines",
    "slug": "saint-vincent-and-the-grenadines",
    "code": "VC",
    "region": "Americas",
    "network": "Best Local Network",
    "capital": "Kingstown",
    "landmark": "City Center",
    "plug": "Universal",
    "intro": "Stay connected in Saint Vincent and the Grenadines with high-speed data.",
    "image_url": "static/countries/saint-vincent-and-the-grenadines.jpg",
    "is_popular": false,
    "image_source_url": "static/countries/saint-vincent-and-the-grenadines.jpg"
  },
  {
    "name": "Samoa",
    "slug": "samoa",
    "code": "WS",
    "region": "Oceania",
    "network": "Best Local Network",
    "capital": "Apia",
    "landmark": "City Center",
    "plug": "Universal",
    "intro": "Stay connected in Samoa with high-speed data.",
    "image_url": "static/countries/samoa.jpg",
    "is_popular": false,
    "image_source_url": "static/countries/samoa.jpg"
  },
  {
    "name": "Senegal",
    "slug": "senegal",
    "code": "SN",
    "region": "Africa",
    "network": "Best Local Network",
    "capital": "Dakar",
    "landmark": "City Center",
    "plug": "Universal",
    "intro": "Stay connected in Senegal with high-speed data.",
    "image_url": "static/countries/senegal.jpg",
    "is_popular": false,
    "image_source_url": "static/countries/senegal.jpg"
  },
  {
    "name": "Seychelles",
    "slug": "seychelles",
    "code": "SC",
    "region": "Africa",
    "network": "Best Local Network",
    "capital": "Victoria",
    "landmark": "City Center",
    "plug": "Universal",
    "intro": "Stay connected in Seychelles with high-speed data.",
    "image_url": "static/countries/seychelles.jpg",
    "is_popular": false,
    "image_source_url": "static/countries/seychelles.jpg"
  },
  {
    "name": "Sierra Leone",
    "slug": "sierra-leone",
    "code": "SL",
    "region": "Africa",
    "network": "Best Local Network",
    "capital": "Freetown",
    "landmark": "City Center",
    "plug": "Universal",
    "intro": "Stay connected in Sierra Leone with high-speed data.",
    "image_url": "static/countries/sierra-leone.jpg",
    "is_popular": false,
    "image_source_url": "static/countries/sierra-leone.jpg"
  },
  {
    "name": "Suriname",
    "slug": "suriname",
    "code": "SR",
    "region": "Americas",
    "network": "Best Local Network",
    "capital": "Paramaribo",
    "landmark": "City Center",
    "plug": "Universal",
    "intro": "Stay connected in Suriname with high-speed data.",
    "image_url": "static/countries/suriname.jpg",
    "is_popular": false,
    "image_source_url": "static/countries/suriname.jpg"
  },
  {
    "name": "Tajikistan",
    "slug": "tajikistan",
    "code": "TJ",
    "region": "Asia",
    "network": "Best Local Network",
    "capital": "Dushanbe",
    "landmark": "City Center",
    "plug": "Universal",
    "intro": "Stay connected in Tajikistan with high-speed data.",
    "image_url": "static/countries/tajikistan.jpg",
    "is_popular": false,
    "image_source_url": "static/countries/tajikistan.jpg"
  },
  {
    "name": "Timor-Leste",
    "slug": "timor-leste",
    "code": "TL",
    "region": "Asia",
    "network": "Best Local Network",
    "capital": "Dili",
    "landmark": "City Center",
    "plug": "Universal",
    "intro": "Stay connected in Timor-Leste with high-speed data.",
    "image_url": "static/countries/timor-leste.jpg",
    "is_popular": false,
    "image_source_url": "static/countries/timor-leste.jpg"
  },
  {
    "name": "Togo",
    "slug": "togo",
    "code": "TG",
    "region": "Africa",
    "network": "Best Local Network",
    "capital": "Lom\u00e9",
    "landmark": "City Center",
    "plug": "Universal",
    "intro": "Stay connected in Togo with high-speed data.",
    "image_url": "static/countries/togo.jpg",
    "is_popular": false,
    "image_source_url": "static/countries/togo.jpg"
  },
  {
    "name": "Tonga",
    "slug": "tonga",
    "code": "TO",
    "region": "Oceania",
    "network": "Best Local Network",
    "capital": "Nuku'alofa",
    "landmark": "City Center",
    "plug": "Universal",
    "intro": "Stay connected in Tonga with high-speed data.",
    "image_url": "static/countries/tonga.jpg",
    "is_popular": false,
    "image_source_url": "static/countries/tonga.jpg"
  },
  {
    "name": "Trinidad and Tobago",
    "slug": "trinidad-and-tobago",
    "code": "TT",
    "region": "Americas",
    "network": "Best Local Network",
    "capital": "Port of Spain",
    "landmark": "City Center",
    "plug": "Universal",
    "intro": "Stay connected in Trinidad and Tobago with high-speed data.",
    "image_url": "static/countries/trinidad-and-tobago.jpg",
    "is_popular": false,
    "image_source_url": "static/countries/trinidad-and-tobago.jpg"
  },
  {
    "name": "Turks and Caicos Islands",
    "slug": "turks-and-caicos-islands",
    "code": "TC",
    "region": "Americas",
    "network": "Best Local Network",
    "capital": "Cockburn Town",
    "landmark": "City Center",
    "plug": "Universal",
    "intro": "Stay connected in Turks and Caicos Islands with high-speed data.",
    "image_url": "static/countries/turks-and-caicos-islands.jpg",
    "is_popular": false,
    "image_source_url": "static/countries/turks-and-caicos-islands.jpg"
  },
  {
    "name": "Uganda",
    "slug": "uganda",
    "code": "UG",
    "region": "Africa",
    "network": "Best Local Network",
    "capital": "Kampala",
    "landmark": "City Center",
    "plug": "Universal",
    "intro": "Stay connected in Uganda with high-speed data.",
    "image_url": "static/countries/uganda.jpg",
    "is_popular": false,
    "image_source_url": "static/countries/uganda.jpg"
  },
  {
    "name": "Vanuatu",
    "slug": "vanuatu",
    "code": "VU",
    "region": "Oceania",
    "network": "Best Local Network",
    "capital": "Port Vila",
    "landmark": "City Center",
    "plug": "Universal",
    "intro": "Stay connected in Vanuatu with high-speed data.",
    "image_url": "static/countries/vanuatu.jpg",
    "is_popular": false,
    "image_source_url": "static/countries/vanuatu.jpg"
  },
  {
    "name": "Vatican City",
    "slug": "vatican-city",
    "code": "VA",
    "region": "Europe",
    "network": "Best Local Network",
    "capital": "Vatican City",
    "landmark": "City Center",
    "plug": "Universal",
    "intro": "Stay connected in Vatican City with high-speed data.",
    "image_url": "static/countries/vatican-city.jpg",
    "is_popular": false,
    "image_source_url": "static/countries/vatican-city.jpg"
  },
  {
    "name": "US Virgin Islands",
    "slug": "us-virgin-islands",
    "code": "VI",
    "region": "Americas",
    "network": "Best Local Network",
    "capital": "Charlotte Amalie",
    "landmark": "City Center",
    "plug": "Universal",
    "intro": "Stay connected in US Virgin Islands with high-speed data.",
    "image_url": "static/countries/us-virgin-islands.jpg",
    "is_popular": false,
    "image_source_url": "static/countries/us-virgin-islands.jpg"
  },
  {
    "name": "Albania",
    "slug": "albania",
    "code": "AL",
    "network": "Best Local Network",
    "capital": "Albania",
    "landmark": "City Center",
    "plug": "Universal",
    "intro": "Stay connected in Albania with high-speed data.",
    "image_source_url": "https://loremflickr.com/800/600/Albania,landscape/all",
    "image_url": "static/countries/albania.jpg",
    "region": "Europe"
  },
  {
    "name": "Andorra",
    "slug": "andorra",
    "code": "AD",
    "network": "Best Local Network",
    "capital": "Andorra",
    "landmark": "City Center",
    "plug": "Universal",
    "intro": "Stay connected in Andorra with high-speed data.",
    "image_source_url": "https://loremflickr.com/800/600/Andorra,landscape/all",
    "image_url": "static/countries/andorra.jpg",
    "region": "Europe"
  },
  {
    "name": "Armenia",
    "slug": "armenia",
    "code": "AM",
    "network": "Best Local Network",
    "capital": "Armenia",
    "landmark": "City Center",
    "plug": "Universal",
    "intro": "Stay connected in Armenia with high-speed data.",
    "image_source_url": "https://loremflickr.com/800/600/Armenia,landscape/all",
    "image_url": "static/countries/armenia.jpg",
    "region": "Asia"
  },
  {
    "name": "Azerbaijan",
    "slug": "azerbaijan",
    "code": "AZ",
    "network": "Best Local Network",
    "capital": "Azerbaijan",
    "landmark": "City Center",
    "plug": "Universal",
    "intro": "Stay connected in Azerbaijan with high-speed data.",
    "image_source_url": "https://loremflickr.com/800/600/Azerbaijan,landscape/all",
    "image_url": "static/countries/azerbaijan.jpg",
    "region": "Asia"
  },
  {
    "name": "Bangladesh",
    "slug": "bangladesh",
    "code": "BD",
    "network": "Best Local Network",
    "capital": "Bangladesh",
    "landmark": "City Center",
    "plug": "Universal",
    "intro": "Stay connected in Bangladesh with high-speed data.",
    "image_source_url": "https://loremflickr.com/800/600/Bangladesh,landscape/all",
    "image_url": "static/countries/bangladesh.jpg",
    "region": "Asia"
  },
  {
    "name": "Barbados",
    "slug": "barbados",
    "code": "BB",
    "network": "Best Local Network",
    "capital": "Barbados",
    "landmark": "City Center",
    "plug": "Universal",
    "intro": "Stay connected in Barbados with high-speed data.",
    "image_source_url": "https://loremflickr.com/800/600/Barbados,landscape/all",
    "image_url": "static/countries/barbados.jpg",
    "region": "Other"
  },
  {
    "name": "Belarus",
    "slug": "belarus",
    "code": "BY",
    "network": "Best Local Network",
    "capital": "Belarus",
    "landmark": "City Center",
    "plug": "Universal",
    "intro": "Stay connected in Belarus with high-speed data.",
    "image_source_url": "https://loremflickr.com/800/600/Belarus,landscape/all",
    "image_url": "static/countries/belarus.jpg",
    "region": "Europe"
  },
  {
    "name": "Belize",
    "slug": "belize",
    "code": "BZ",
    "network": "Best Local Network",
    "capital": "Belize",
    "landmark": "City Center",
    "plug": "Universal",
    "intro": "Stay connected in Belize with high-speed data.",
    "image_source_url": "https://loremflickr.com/800/600/Belize,landscape/all",
    "image_url": "static/countries/belize.jpg",
    "region": "Americas"
  },
  {
    "name": "Bolivia",
    "slug": "bolivia",
    "code": "BO",
    "network": "Best Local Network",
    "capital": "Bolivia",
    "landmark": "City Center",
    "plug": "Universal",
    "intro": "Stay connected in Bolivia with high-speed data.",
    "image_source_url": "https://loremflickr.com/800/600/Bolivia,landscape/all",
    "image_url": "static/countries/bolivia.jpg",
    "region": "Americas"
  },
  {
    "name": "Bosnia and Herzegovina",
    "slug": "bosnia-and-herzegovina",
    "code": "BA",
    "network": "Best Local Network",
    "capital": "Bosnia and Herzegovina",
    "landmark": "City Center",
    "plug": "Universal",
    "intro": "Stay connected in Bosnia and Herzegovina with high-speed data.",
    "image_source_url": "https://loremflickr.com/800/600/Bosnia,landscape/all",
    "image_url": "static/countries/bosnia-and-herzegovina.jpg",
    "region": "Europe"
  },
  {
    "name": "Bulgaria",
    "slug": "bulgaria",
    "code": "BG",
    "network": "Best Local Network",
    "capital": "Bulgaria",
    "landmark": "City Center",
    "plug": "Universal",
    "intro": "Stay connected in Bulgaria with high-speed data.",
    "image_source_url": "https://loremflickr.com/800/600/Bulgaria,landscape/all",
    "image_url": "static/countries/bulgaria.jpg",
    "region": "Europe"
  },
  {
    "name": "Cambodia",
    "slug": "cambodia",
    "code": "KH",
    "network": "Best Local Network",
    "capital": "Cambodia",
    "landmark": "City Center",
    "plug": "Universal",
    "intro": "Stay connected in Cambodia with high-speed data.",
    "image_source_url": "https://loremflickr.com/800/600/Cambodia,landscape/all",
    "image_url": "static/countries/cambodia.jpg",
    "region": "Asia"
  },
  {
    "name": "Costa Rica",
    "slug": "costa-rica",
    "code": "CR",
    "network": "Best Local Network",
    "capital": "Costa Rica",
    "landmark": "City Center",
    "plug": "Universal",
    "intro": "Stay connected in Costa Rica with high-speed data.",
    "image_source_url": "https://loremflickr.com/800/600/Costa,Rica,landscape/all",
    "image_url": "static/countries/costa-rica.jpg",
    "region": "Americas"
  },
  {
    "name": "Dominican Republic",
    "slug": "dominican-republic",
    "code": "DO",
    "network": "Best Local Network",
    "capital": "Dominican Republic",
    "landmark": "City Center",
    "plug": "Universal",
    "intro": "Stay connected in Dominican Republic with high-speed data.",
    "image_source_url": "https://loremflickr.com/800/600/Dominican,Republic,landscape/all",
    "image_url": "static/countries/dominican-republic.jpg",
    "region": "Americas"
  },
  {
    "name": "Ecuador",
    "slug": "ecuador",
    "code": "EC",
    "network": "Best Local Network",
    "capital": "Ecuador",
    "landmark": "City Center",
    "plug": "Universal",
    "intro": "Stay connected in Ecuador with high-speed data.",
    "image_source_url": "https://loremflickr.com/800/600/Ecuador,landscape/all",
    "image_url": "static/countries/ecuador.jpg",
    "region": "Americas"
  },
  {
    "name": "El Salvador",
    "slug": "el-salvador",
    "code": "SV",
    "network": "Best Local Network",
    "capital": "El Salvador",
    "landmark": "City Center",
    "plug": "Universal",
    "intro": "Stay connected in El Salvador with high-speed data.",
    "image_source_url": "https://loremflickr.com/800/600/El,Salvador,landscape/all",
    "image_url": "static/countries/el-salvador.jpg",
    "region": "Americas"
  },
  {
    "name": "Estonia",
    "slug": "estonia",
    "code": "EE",
    "network": "Best Local Network",
    "capital": "Estonia",
    "landmark": "City Center",
    "plug": "Universal",
    "intro": "Stay connected in Estonia with high-speed data.",
    "image_source_url": "https://plus.unsplash.com/premium_photo-1675716183492-4861033fd024?crop=entropy&cs=tinysrgb&fit=max&fm=jpg&ixid=M3wxMjA3fDB8MXxzZWFyY2h8MXx8RXN0b25pYSUyMGxhbmRzY2FwZXxlbnwwfHx8fDE3NjY0MjczMDJ8MA&ixlib=rb-4.1.0&q=80&w=1080",
    "image_url": "static/countries/estonia.jpg",
    "region": "Europe"
  },
  {
    "name": "Georgia",
    "slug": "georgia",
    "code": "GE",
    "network": "Best Local Network",
    "capital": "Georgia",
    "landmark": "City Center",
    "plug": "Universal",
    "intro": "Stay connected in Georgia with high-speed data.",
    "image_source_url": "https://plus.unsplash.com/premium_photo-1673620885239-014f318356f1?crop=entropy&cs=tinysrgb&fit=max&fm=jpg&ixid=M3wxMjA3fDB8MXxzZWFyY2h8MXx8R2VvcmdpYSUyMGxhbmRzY2FwZXxlbnwwfHx8fDE3NjY0MjczMDZ8MA&ixlib=rb-4.1.0&q=80&w=1080",
    "image_url": "static/countries/georgia.jpg",
    "region": "Asia"
  },
  {
    "name": "Ghana",
    "slug": "ghana",
    "code": "GH",
    "network": "Best Local Network",
    "capital": "Ghana",
    "landmark": "City Center",
    "plug": "Universal",
    "intro": "Stay connected in Ghana with high-speed data.",
    "image_source_url": "https://plus.unsplash.com/premium_photo-1689606828522-86105ce51268?crop=entropy&cs=tinysrgb&fit=max&fm=jpg&ixid=M3wxMjA3fDB8MXxzZWFyY2h8MXx8R2hhbmElMjBsYW5kc2NhcGV8ZW58MHx8fHwxNzY2NDI3MzA5fDA&ixlib=rb-4.1.0&q=80&w=1080",
    "image_url": "static/countries/ghana.jpg",
    "region": "Africa"
  },
  {
    "name": "Guatemala",
    "slug": "guatemala",
    "code": "GT",
    "network": "Best Local Network",
    "capital": "Guatemala",
    "landmark": "City Center",
    "plug": "Universal",
    "intro": "Stay connected in Guatemala with high-speed data.",
    "image_source_url": "https://images.unsplash.com/photo-1704647250784-f264a682af6b?mark=https%3A%2F%2Fimages.unsplash.com%2Fopengraph%2Flogo.png&mark-w=64&mark-align=top%2Cleft&mark-pad=50&h=630&w=1200&crop=faces%2Cedges&blend-w=1&blend=000000&blend-mode=normal&blend-alpha=10&auto=format&fit=crop&q=60&ixid=M3wxMjA3fDB8MXxhbGx8fHx8fHx8fHwxNzY2NTI4MTQ3fA&ixlib=rb-4.1.0",
    "image_url": "static/countries/guatemala.jpg",
    "region": "Americas"
  },
  {
    "name": "Honduras",
    "slug": "honduras",
    "code": "HN",
    "network": "Best Local Network",
    "capital": "Honduras",
    "landmark": "City Center",
    "plug": "Universal",
    "intro": "Stay connected in Honduras with high-speed data.",
    "image_source_url": "https://plus.unsplash.com/premium_photo-1673240159015-e0ced88df98c?crop=entropy&cs=tinysrgb&fit=max&fm=jpg&ixid=M3wxMjA3fDB8MXxzZWFyY2h8MXx8SG9uZHVyYXMlMjBsYW5kc2NhcGV8ZW58MHx8fHwxNzY2NDI3MzE4fDA&ixlib=rb-4.1.0&q=80&w=1080",
    "image_url": "static/countries/honduras.jpg",
    "region": "Americas"
  },
  {
    "name": "Hong Kong",
    "slug": "hong-kong",
    "code": "HK",
    "network": "Best Local Network",
    "capital": "Hong Kong",
    "landmark": "City Center",
    "plug": "Universal",
    "intro": "Stay connected in Hong Kong with high-speed data.",
    "image_source_url": "https://plus.unsplash.com/premium_photo-1661887292499-cbaefdb169ce?crop=entropy&cs=tinysrgb&fit=max&fm=jpg&ixid=M3wxMjA3fDB8MXxzZWFyY2h8MXx8SG9uZyUyMEtvbmclMjBsYW5kc2NhcGV8ZW58MHx8fHwxNzY2NDI3MzIxfDA&ixlib=rb-4.1.0&q=80&w=1080",
    "image_url": "static/countries/hong-kong.jpg",
    "region": "Asia"
  },
  {
    "name": "Jamaica",
    "slug": "jamaica",
    "code": "JM",
    "network": "Best Local Network",
    "capital": "Jamaica",
    "landmark": "City Center",
    "plug": "Universal",
    "intro": "Stay connected in Jamaica with high-speed data.",
    "image_source_url": "https://plus.unsplash.com/premium_photo-1677734490428-c11dfb3f1499?crop=entropy&cs=tinysrgb&fit=max&fm=jpg&ixid=M3wxMjA3fDB8MXxzZWFyY2h8MXx8SmFtYWljYSUyMGxhbmRzY2FwZXxlbnwwfHx8fDE3NjY0MjczMjR8MA&ixlib=rb-4.1.0&q=80&w=1080",
    "image_url": "static/countries/jamaica.jpg",
    "region": "Americas"
  },
  {
    "name": "Jordan",
    "slug": "jordan",
    "code": "JO",
    "network": "Best Local Network",
    "capital": "Jordan",
    "landmark": "City Center",
    "plug": "Universal",
    "intro": "Stay connected in Jordan with high-speed data.",
    "image_source_url": "https://images.unsplash.com/photo-1548786811-dd6e453ccca7?mark=https%3A%2F%2Fimages.unsplash.com%2Fopengraph%2Flogo.png&mark-w=64&mark-align=top%2Cleft&mark-pad=50&h=630&w=1200&crop=faces%2Cedges&blend-w=1&blend=000000&blend-mode=normal&blend-alpha=10&auto=format&fit=crop&q=60&ixid=M3wxMjA3fDB8MXxhbGx8fHx8fHx8fHwxNzY2NTI4MTc2fA&ixlib=rb-4.1.0",
    "image_url": "static/countries/jordan.jpg",
    "region": "Asia"
  },
  {
    "name": "Kazakhstan",
    "slug": "kazakhstan",
    "code": "KZ",
    "network": "Best Local Network",
    "capital": "Kazakhstan",
    "landmark": "City Center",
    "plug": "Universal",
    "intro": "Stay connected in Kazakhstan with high-speed data.",
    "image_source_url": "https://images.unsplash.com/photo-1666975823342-3b755b3784d4?mark=https%3A%2F%2Fimages.unsplash.com%2Fopengraph%2Flogo.png&mark-w=64&mark-align=top%2Cleft&mark-pad=50&h=630&w=1200&crop=faces%2Cedges&blend-w=1&blend=000000&blend-mode=normal&blend-alpha=10&auto=format&fit=crop&q=60&ixid=M3wxMjA3fDB8MXxhbGx8fHx8fHx8fHwxNzY2NTI4MjEwfA&ixlib=rb-4.1.0",
    "image_url": "static/countries/kazakhstan.jpg",
    "region": "Asia"
  },
  {
    "name": "Kenya",
    "slug": "kenya",
    "code": "KE",
    "network": "Best Local Network",
    "capital": "Kenya",
    "landmark": "City Center",
    "plug": "Universal",
    "intro": "Stay connected in Kenya with high-speed data.",
    "image_source_url": "https://plus.unsplash.com/premium_photo-1661962383838-89c5659f7762?crop=entropy&cs=tinysrgb&fit=max&fm=jpg&ixid=M3wxMjA3fDB8MXxzZWFyY2h8MXx8S2VueWElMjBsYW5kc2NhcGV8ZW58MHx8fHwxNzY2NDI3MzM1fDA&ixlib=rb-4.1.0&q=80&w=1080",
    "image_url": "static/countries/kenya.jpg",
    "region": "Africa"
  },
  {
    "name": "Kuwait",
    "slug": "kuwait",
    "code": "KW",
    "network": "Best Local Network",
    "capital": "Kuwait",
    "landmark": "City Center",
    "plug": "Universal",
    "intro": "Stay connected in Kuwait with high-speed data.",
    "image_source_url": "https://images.unsplash.com/photo-1626346073066-f2b7c5bfaefb?mark=https%3A%2F%2Fimages.unsplash.com%2Fopengraph%2Flogo.png&mark-w=64&mark-align=top%2Cleft&mark-pad=50&h=630&w=1200&crop=faces%2Cedges&blend-w=1&blend=000000&blend-mode=normal&blend-alpha=10&auto=format&fit=crop&q=60&ixid=M3wxMjA3fDB8MXxhbGx8fHx8fHx8fHwxNzY2NDQ0MzY3fA&ixlib=rb-4.1.0",
    "image_url": "static/countries/kuwait.jpg",
    "region": "Asia"
  },
  {
    "name": "Kyrgyzstan",
    "slug": "kyrgyzstan",
    "code": "KG",
    "network": "Best Local Network",
    "capital": "Kyrgyzstan",
    "landmark": "City Center",
    "plug": "Universal",
    "intro": "Stay connected in Kyrgyzstan with high-speed data.",
    "image_source_url": "https://plus.unsplash.com/premium_photo-1677396179718-fcc01da1b405?crop=entropy&cs=tinysrgb&fit=max&fm=jpg&ixid=M3wxMjA3fDB8MXxzZWFyY2h8MXx8S3lyZ3l6c3RhbiUyMGxhbmRzY2FwZXxlbnwwfHx8fDE3NjY0MjczNDJ8MA&ixlib=rb-4.1.0&q=80&w=1080",
    "image_url": "static/countries/kyrgyzstan.jpg",
    "region": "Asia"
  },
  {
    "name": "Laos",
    "slug": "laos",
    "code": "LA",
    "network": "Best Local Network",
    "capital": "Laos",
    "landmark": "City Center",
    "plug": "Universal",
    "intro": "Stay connected in Laos with high-speed data.",
    "image_source_url": "https://plus.unsplash.com/premium_photo-1661962821338-c07da63995f9?crop=entropy&cs=tinysrgb&fit=max&fm=jpg&ixid=M3wxMjA3fDB8MXxzZWFyY2h8MXx8TGFvcyUyMGxhbmRzY2FwZXxlbnwwfHx8fDE3NjY0MjczNDZ8MA&ixlib=rb-4.1.0&q=80&w=1080",
    "image_url": "static/countries/laos.jpg",
    "region": "Asia"
  },
  {
    "name": "Latvia",
    "slug": "latvia",
    "code": "LV",
    "network": "Best Local Network",
    "capital": "Latvia",
    "landmark": "City Center",
    "plug": "Universal",
    "intro": "Stay connected in Latvia with high-speed data.",
    "image_source_url": "https://plus.unsplash.com/premium_photo-1691954120258-4aa92e92732c?crop=entropy&cs=tinysrgb&fit=max&fm=jpg&ixid=M3wxMjA3fDB8MXxzZWFyY2h8MXx8TGF0dmlhJTIwbGFuZHNjYXBlfGVufDB8fHx8MTc2NjQyNzM0OXww&ixlib=rb-4.1.0&q=80&w=1080",
    "image_url": "static/countries/latvia.jpg",
    "region": "Europe"
  },
  {
    "name": "Lebanon",
    "slug": "lebanon",
    "code": "LB",
    "network": "Best Local Network",
    "capital": "Lebanon",
    "landmark": "City Center",
    "plug": "Universal",
    "intro": "Stay connected in Lebanon with high-speed data.",
    "image_source_url": "https://plus.unsplash.com/premium_photo-1697730165870-5d8d3244ffed?crop=entropy&cs=tinysrgb&fit=max&fm=jpg&ixid=M3wxMjA3fDB8MXxzZWFyY2h8MXx8TGViYW5vbiUyMGxhbmRzY2FwZXxlbnwwfHx8fDE3NjY0MjczNTN8MA&ixlib=rb-4.1.0&q=80&w=1080",
    "image_url": "static/countries/lebanon.jpg",
    "region": "Asia"
  },
  {
    "name": "Lithuania",
    "slug": "lithuania",
    "code": "LT",
    "network": "Best Local Network",
    "capital": "Lithuania",
    "landmark": "City Center",
    "plug": "Universal",
    "intro": "Stay connected in Lithuania with high-speed data.",
    "image_source_url": "https://plus.unsplash.com/premium_photo-1666533242295-82d6df2aab1a?crop=entropy&cs=tinysrgb&fit=max&fm=jpg&ixid=M3wxMjA3fDB8MXxzZWFyY2h8MXx8TGl0aHVhbmlhJTIwbGFuZHNjYXBlfGVufDB8fHx8MTc2NjQyNzM1N3ww&ixlib=rb-4.1.0&q=80&w=1080",
    "image_url": "static/countries/lithuania.jpg",
    "region": "Europe"
  },
  {
    "name": "Luxembourg",
    "slug": "luxembourg",
    "code": "LU",
    "network": "Best Local Network",
    "capital": "Luxembourg",
    "landmark": "City Center",
    "plug": "Universal",
    "intro": "Stay connected in Luxembourg with high-speed data.",
    "image_source_url": "https://plus.unsplash.com/premium_photo-1715954843264-18eb40eb4eca?crop=entropy&cs=tinysrgb&fit=max&fm=jpg&ixid=M3wxMjA3fDB8MXxzZWFyY2h8MXx8THV4ZW1ib3VyZyUyMGxhbmRzY2FwZXxlbnwwfHx8fDE3NjY0MjczNjF8MA&ixlib=rb-4.1.0&q=80&w=1080",
    "image_url": "static/countries/luxembourg.jpg",
    "region": "Europe"
  },
  {
    "name": "North Macedonia",
    "slug": "north-macedonia",
    "code": "MK",
    "network": "Best Local Network",
    "capital": "North Macedonia",
    "landmark": "City Center",
    "plug": "Universal",
    "intro": "Stay connected in North Macedonia with high-speed data.",
    "image_source_url": "https://plus.unsplash.com/premium_photo-1734430860030-b31ed39afbb3?crop=entropy&cs=tinysrgb&fit=max&fm=jpg&ixid=M3wxMjA3fDB8MXxzZWFyY2h8MXx8Tm9ydGglMjBNYWNlZG9uaWElMjBsYW5kc2NhcGV8ZW58MHx8fHwxNzY2NDI3MzkwfDA&ixlib=rb-4.1.0&q=80&w=1080",
    "image_url": "static/countries/north-macedonia.jpg",
    "region": "Europe"
  },
  {
    "name": "Malta",
    "slug": "malta",
    "code": "MT",
    "network": "Best Local Network",
    "capital": "Malta",
    "landmark": "City Center",
    "plug": "Universal",
    "intro": "Stay connected in Malta with high-speed data.",
    "image_source_url": "https://plus.unsplash.com/premium_photo-1675806357539-32a9cdc34737?crop=entropy&cs=tinysrgb&fit=max&fm=jpg&ixid=M3wxMjA3fDB8MXxzZWFyY2h8MXx8TWFsdGElMjBsYW5kc2NhcGV8ZW58MHx8fHwxNzY2NDI3MzY4fDA&ixlib=rb-4.1.0&q=80&w=1080",
    "image_url": "static/countries/malta.jpg",
    "region": "Europe"
  },
  {
    "name": "Montenegro",
    "slug": "montenegro",
    "code": "ME",
    "network": "Best Local Network",
    "capital": "Montenegro",
    "landmark": "City Center",
    "plug": "Universal",
    "intro": "Stay connected in Montenegro with high-speed data.",
    "image_source_url": "https://plus.unsplash.com/premium_photo-1676231364646-3e01fcb0492c?crop=entropy&cs=tinysrgb&fit=max&fm=jpg&ixid=M3wxMjA3fDB8MXxzZWFyY2h8MXx8TW9udGVuZWdybyUyMGxhbmRzY2FwZXxlbnwwfHx8fDE3NjY0MjczNzJ8MA&ixlib=rb-4.1.0&q=80&w=1080",
    "image_url": "static/countries/montenegro.jpg",
    "region": "Europe"
  },
  {
    "name": "Nepal",
    "slug": "nepal",
    "code": "NP",
    "network": "Best Local Network",
    "capital": "Nepal",
    "landmark": "City Center",
    "plug": "Universal",
    "intro": "Stay connected in Nepal with high-speed data.",
    "image_source_url": "https://plus.unsplash.com/premium_photo-1661963741928-673ed7f7c00b?crop=entropy&cs=tinysrgb&fit=max&fm=jpg&ixid=M3wxMjA3fDB8MXxzZWFyY2h8MXx8TmVwYWwlMjBsYW5kc2NhcGV8ZW58MHx8fHwxNzY2NDI3Mzc5fDA&ixlib=rb-4.1.0&q=80&w=1080",
    "image_url": "static/countries/nepal.jpg",
    "region": "Asia"
  },
  {
    "name": "Nicaragua",
    "slug": "nicaragua",
    "code": "NI",
    "network": "Best Local Network",
    "capital": "Nicaragua",
    "landmark": "City Center",
    "plug": "Universal",
    "intro": "Stay connected in Nicaragua with high-speed data.",
    "image_source_url": "https://images.unsplash.com/photo-1494444753080-e0d457fa3563?mark=https%3A%2F%2Fimages.unsplash.com%2Fopengraph%2Flogo.png&mark-w=64&mark-align=top%2Cleft&mark-pad=50&h=630&w=1200&crop=faces%2Cedges&blend-w=1&blend=000000&blend-mode=normal&blend-alpha=10&auto=format&fit=crop&q=60&ixid=M3wxMjA3fDB8MXxhbGx8fHx8fHx8fHwxNzY2NDQ0NDE4fA&ixlib=rb-4.1.0",
    "image_url": "static/countries/nicaragua.jpg",
    "region": "Americas"
  },
  {
    "name": "Nigeria",
    "slug": "nigeria",
    "code": "NG",
    "network": "Best Local Network",
    "capital": "Nigeria",
    "landmark": "City Center",
    "plug": "Universal",
    "intro": "Stay connected in Nigeria with high-speed data.",
    "image_source_url": "https://plus.unsplash.com/premium_photo-1726729392828-be2af49e504a?crop=entropy&cs=tinysrgb&fit=max&fm=jpg&ixid=M3wxMjA3fDB8MXxzZWFyY2h8MXx8TmlnZXJpYSUyMGxhbmRzY2FwZXxlbnwwfHx8fDE3NjY0MjczODZ8MA&ixlib=rb-4.1.0&q=80&w=1080",
    "image_url": "static/countries/nigeria.jpg",
    "region": "Africa"
  },
  {
    "name": "Oman",
    "slug": "oman",
    "code": "OM",
    "network": "Best Local Network",
    "capital": "Oman",
    "landmark": "City Center",
    "plug": "Universal",
    "intro": "Stay connected in Oman with high-speed data.",
    "image_source_url": "https://plus.unsplash.com/premium_photo-1688141871984-ce166591b6f8?crop=entropy&cs=tinysrgb&fit=max&fm=jpg&ixid=M3wxMjA3fDB8MXxzZWFyY2h8MXx8T21hbiUyMGxhbmRzY2FwZXxlbnwwfHx8fDE3NjY0MjczOTN8MA&ixlib=rb-4.1.0&q=80&w=1080",
    "image_url": "static/countries/oman.jpg",
    "region": "Asia"
  },
  {
    "name": "Pakistan",
    "slug": "pakistan",
    "code": "PK",
    "network": "Best Local Network",
    "capital": "Pakistan",
    "landmark": "City Center",
    "plug": "Universal",
    "intro": "Stay connected in Pakistan with high-speed data.",
    "image_source_url": "https://plus.unsplash.com/premium_photo-1661962344178-19930ba15492?crop=entropy&cs=tinysrgb&fit=max&fm=jpg&ixid=M3wxMjA3fDB8MXxzZWFyY2h8MXx8UGFraXN0YW4lMjBsYW5kc2NhcGV8ZW58MHx8fHwxNzY2NDI3Mzk3fDA&ixlib=rb-4.1.0&q=80&w=1080",
    "image_url": "static/countries/pakistan.jpg",
    "region": "Asia"
  },
  {
    "name": "Panama",
    "slug": "panama",
    "code": "PA",
    "network": "Best Local Network",
    "capital": "Panama",
    "landmark": "City Center",
    "plug": "Universal",
    "intro": "Stay connected in Panama with high-speed data.",
    "image_source_url": "https://plus.unsplash.com/premium_photo-1712736395839-997c8c9dbd06?crop=entropy&cs=tinysrgb&fit=max&fm=jpg&ixid=M3wxMjA3fDB8MXxzZWFyY2h8MXx8UGFuYW1hJTIwbGFuZHNjYXBlfGVufDB8fHx8MTc2NjQyNzQwMXww&ixlib=rb-4.1.0&q=80&w=1080",
    "image_url": "static/countries/panama.jpg",
    "region": "Americas"
  },
  {
    "name": "Paraguay",
    "slug": "paraguay",
    "code": "PY",
    "network": "Best Local Network",
    "capital": "Paraguay",
    "landmark": "City Center",
    "plug": "Universal",
    "intro": "Stay connected in Paraguay with high-speed data.",
    "image_source_url": "https://plus.unsplash.com/premium_photo-1670998953029-5022e8eb8d9e?crop=entropy&cs=tinysrgb&fit=max&fm=jpg&ixid=M3wxMjA3fDB8MXxzZWFyY2h8MXx8UGFyYWd1YXklMjBsYW5kc2NhcGV8ZW58MHx8fHwxNzY2NDI3NDA1fDA&ixlib=rb-4.1.0&q=80&w=1080",
    "image_url": "static/countries/paraguay.jpg",
    "region": "Americas"
  },
  {
    "name": "Romania",
    "slug": "romania",
    "code": "RO",
    "network": "Best Local Network",
    "capital": "Romania",
    "landmark": "City Center",
    "plug": "Universal",
    "intro": "Stay connected in Romania with high-speed data.",
    "image_source_url": "https://plus.unsplash.com/premium_photo-1729633414521-7cdeb6109aa1?crop=entropy&cs=tinysrgb&fit=max&fm=jpg&ixid=M3wxMjA3fDB8MXxzZWFyY2h8MXx8Um9tYW5pYSUyMGxhbmRzY2FwZXxlbnwwfHx8fDE3NjY0Mjc0MDd8MA&ixlib=rb-4.1.0&q=80&w=1080",
    "image_url": "static/countries/romania.jpg",
    "region": "Europe"
  },
  {
    "name": "Russia",
    "slug": "russia",
    "code": "RU",
    "network": "Best Local Network",
    "capital": "russia",
    "landmark": "City Center",
    "plug": "Universal",
    "intro": "Stay connected in russia with high-speed data.",
    "image_source_url": "https://plus.unsplash.com/premium_photo-1672062932260-913903b5cf43?crop=entropy&cs=tinysrgb&fit=max&fm=jpg&ixid=M3wxMjA3fDB8MXxzZWFyY2h8MXx8cnVzc2lhJTIwbGFuZHNjYXBlfGVufDB8fHx8MTc2NjQyNzQ1NXww&ixlib=rb-4.1.0&q=80&w=1080",
    "image_url": "static/countries/russia.jpg",
    "region": "Europe"
  },
  {
    "name": "Serbia",
    "slug": "serbia",
    "code": "RS",
    "network": "Best Local Network",
    "capital": "Serbia",
    "landmark": "City Center",
    "plug": "Universal",
    "intro": "Stay connected in Serbia with high-speed data.",
    "image_source_url": "https://plus.unsplash.com/premium_photo-1661849201240-a0d3bdea40d8?crop=entropy&cs=tinysrgb&fit=max&fm=jpg&ixid=M3wxMjA3fDB8MXxzZWFyY2h8MXx8U2VyYmlhJTIwbGFuZHNjYXBlfGVufDB8fHx8MTc2NjQyNzQxMXww&ixlib=rb-4.1.0&q=80&w=1080",
    "image_url": "static/countries/serbia.jpg",
    "region": "Europe"
  },
  {
    "name": "Slovakia",
    "slug": "slovakia",
    "code": "SK",
    "network": "Best Local Network",
    "capital": "Slovakia",
    "landmark": "City Center",
    "plug": "Universal",
    "intro": "Stay connected in Slovakia with high-speed data.",
    "image_source_url": "https://plus.unsplash.com/premium_photo-1673302607031-c9d8ba2e150e?crop=entropy&cs=tinysrgb&fit=max&fm=jpg&ixid=M3wxMjA3fDB8MXxzZWFyY2h8MXx8U2xvdmFraWElMjBsYW5kc2NhcGV8ZW58MHx8fHwxNzY2NDI3NDE0fDA&ixlib=rb-4.1.0&q=80&w=1080",
    "image_url": "static/countries/slovakia.jpg",
    "region": "Europe"
  },
  {
    "name": "Slovenia",
    "slug": "slovenia",
    "code": "SI",
    "network": "Best Local Network",
    "capital": "Slovenia",
    "landmark": "City Center",
    "plug": "Universal",
    "intro": "Stay connected in Slovenia with high-speed data.",
    "image_source_url": "https://plus.unsplash.com/premium_photo-1721060224780-8c8ff9d7d4c7?crop=entropy&cs=tinysrgb&fit=max&fm=jpg&ixid=M3wxMjA3fDB8MXxzZWFyY2h8MXx8U2xvdmVuaWElMjBsYW5kc2NhcGV8ZW58MHx8fHwxNzY2NDI3NDE4fDA&ixlib=rb-4.1.0&q=80&w=1080",
    "image_url": "static/countries/slovenia.jpg",
    "region": "Europe"
  },
  {
    "name": "Sri Lanka",
    "slug": "sri-lanka",
    "code": "LK",
    "network": "Best Local Network",
    "capital": "Sri Lanka",
    "landmark": "City Center",
    "plug": "Universal",
    "intro": "Stay connected in Sri Lanka with high-speed data.",
    "image_source_url": "https://plus.unsplash.com/premium_photo-1730145749791-28fc538d7203?crop=entropy&cs=tinysrgb&fit=max&fm=jpg&ixid=M3wxMjA3fDB8MXxzZWFyY2h8MXx8U3JpJTIwTGFua2ElMjBsYW5kc2NhcGV8ZW58MHx8fHwxNzY2NDI3NDIxfDA&ixlib=rb-4.1.0&q=80&w=1080",
    "image_url": "static/countries/sri-lanka.jpg",
    "region": "Asia"
  },
  {
    "name": "Taiwan",
    "slug": "taiwan",
    "code": "TW",
    "network": "Best Local Network",
    "capital": "Taiwan",
    "landmark": "City Center",
    "plug": "Universal",
    "intro": "Stay connected in Taiwan with high-speed data.",
    "image_source_url": "https://plus.unsplash.com/premium_photo-1661955975506-04d3812be312?crop=entropy&cs=tinysrgb&fit=max&fm=jpg&ixid=M3wxMjA3fDB8MXxzZWFyY2h8MXx8VGFpd2FuJTIwbGFuZHNjYXBlfGVufDB8fHx8MTc2NjQyNzQyNHww&ixlib=rb-4.1.0&q=80&w=1080",
    "image_url": "static/countries/taiwan.jpg",
    "region": "Asia"
  },
  {
    "name": "Tanzania",
    "slug": "tanzania",
    "code": "TZ",
    "network": "Best Local Network",
    "capital": "Tanzania",
    "landmark": "City Center",
    "plug": "Universal",
    "intro": "Stay connected in Tanzania with high-speed data.",
    "image_source_url": "https://plus.unsplash.com/premium_photo-1664803534733-ec2cee267e21?crop=entropy&cs=tinysrgb&fit=max&fm=jpg&ixid=M3wxMjA3fDB8MXxzZWFyY2h8MXx8VGFuemFuaWElMjBsYW5kc2NhcGV8ZW58MHx8fHwxNzY2NDI3NDI4fDA&ixlib=rb-4.1.0&q=80&w=1080",
    "image_url": "static/countries/tanzania.jpg",
    "region": "Africa"
  },
  {
    "name": "Tunisia",
    "slug": "tunisia",
    "code": "TN",
    "network": "Best Local Network",
    "capital": "Tunisia",
    "landmark": "City Center",
    "plug": "Universal",
    "intro": "Stay connected in Tunisia with high-speed data.",
    "image_source_url": "https://plus.unsplash.com/premium_photo-1699535657684-bc02eee856e1?crop=entropy&cs=tinysrgb&fit=max&fm=jpg&ixid=M3wxMjA3fDB8MXxzZWFyY2h8MXx8VHVuaXNpYSUyMGxhbmRzY2FwZXxlbnwwfHx8fDE3NjY0Mjc0MzJ8MA&ixlib=rb-4.1.0&q=80&w=1080",
    "image_url": "static/countries/tunisia.jpg",
    "region": "Other"
  },
  {
    "name": "Ukraine",
    "slug": "ukraine",
    "code": "UA",
    "network": "Best Local Network",
    "capital": "Ukraine",
    "landmark": "City Center",
    "plug": "Universal",
    "intro": "Stay connected in Ukraine with high-speed data.",
    "image_source_url": "https://plus.unsplash.com/premium_photo-1697809003390-ec69e6e3c666?crop=entropy&cs=tinysrgb&fit=max&fm=jpg&ixid=M3wxMjA3fDB8MXxzZWFyY2h8MXx8VWtyYWluZSUyMGxhbmRzY2FwZXxlbnwwfHx8fDE3NjY0Mjc0MzV8MA&ixlib=rb-4.1.0&q=80&w=1080",
    "image_url": "static/countries/ukraine.jpg",
    "region": "Europe"
  },
  {
    "name": "Uruguay",
    "slug": "uruguay",
    "code": "UY",
    "network": "Best Local Network",
    "capital": "Uruguay",
    "landmark": "City Center",
    "plug": "Universal",
    "intro": "Stay connected in Uruguay with high-speed data.",
    "image_source_url": "https://plus.unsplash.com/premium_photo-1696531220493-bb3be96be9c1?crop=entropy&cs=tinysrgb&fit=max&fm=jpg&ixid=M3wxMjA3fDB8MXxzZWFyY2h8MXx8VXJ1Z3VheSUyMGxhbmRzY2FwZXxlbnwwfHx8fDE3NjY0Mjc0Mzh8MA&ixlib=rb-4.1.0&q=80&w=1080",
    "image_url": "static/countries/uruguay.jpg",
    "region": "Americas"
  },
  {
    "name": "Uzbekistan",
    "slug": "uzbekistan",
    "code": "UZ",
    "network": "Best Local Network",
    "capital": "Uzbekistan",
    "landmark": "City Center",
    "plug": "Universal",
    "intro": "Stay connected in Uzbekistan with high-speed data.",
    "image_source_url": "https://plus.unsplash.com/premium_photo-1701158100073-372e621880cb?crop=entropy&cs=tinysrgb&fit=max&fm=jpg&ixid=M3wxMjA3fDB8MXxzZWFyY2h8MXx8VXpiZWtpc3RhbiUyMGxhbmRzY2FwZXxlbnwwfHx8fDE3NjY0Mjc0NDF8MA&ixlib=rb-4.1.0&q=80&w=1080",
    "image_url": "static/countries/uzbekistan.jpg",
    "region": "Asia"
  },
  {
    "name": "Venezuela",
    "slug": "venezuela",
    "code": "VE",
    "network": "Best Local Network",
    "capital": "Venezuela",
    "landmark": "City Center",
    "plug": "Universal",
    "intro": "Stay connected in Venezuela with high-speed data.",
    "image_source_url": "https://plus.unsplash.com/premium_photo-1733317237246-5000d61196b6?crop=entropy&cs=tinysrgb&fit=max&fm=jpg&ixid=M3wxMjA3fDB8MXxzZWFyY2h8MXx8VmVuZXp1ZWxhJTIwbGFuZHNjYXBlfGVufDB8fHx8MTc2NjQyNzQ0NXww&ixlib=rb-4.1.0&q=80&w=1080",
    "image_url": "static/countries/venezuela.jpg",
    "region": "Americas"
  },
  {
    "name": "Zambia",
    "slug": "zambia",
    "code": "ZM",
    "network": "Best Local Network",
    "capital": "Zambia",
    "landmark": "City Center",
    "plug": "Universal",
    "intro": "Stay connected in Zambia with high-speed data.",
    "image_source_url": "https://plus.unsplash.com/premium_photo-1664302757048-31604d5e9e21?crop=entropy&cs=tinysrgb&fit=max&fm=jpg&ixid=M3wxMjA3fDB8MXxzZWFyY2h8MXx8WmFtYmlhJTIwbGFuZHNjYXBlfGVufDB8fHx8MTc2NjQyNzQ0OXww&ixlib=rb-4.1.0&q=80&w=1080",
    "image_url": "static/countries/zambia.jpg",
    "region": "Africa"
  },
  {
    "name": "Zimbabwe",
    "slug": "zimbabwe",
    "code": "ZW",
    "network": "Best Local Network",
    "capital": "Zimbabwe",
    "landmark": "City Center",
    "plug": "Universal",
    "intro": "Stay connected in Zimbabwe with high-speed data.",
    "image_source_url": "https://plus.unsplash.com/premium_photo-1664302678675-4b0d646cf315?crop=entropy&cs=tinysrgb&fit=max&fm=jpg&ixid=M3wxMjA3fDB8MXxzZWFyY2h8MXx8WmltYmFid2UlMjBsYW5kc2NhcGV8ZW58MHx8fHwxNzY2NDI3NDUyfDA&ixlib=rb-4.1.0&q=80&w=1080",
    "image_url": "static/countries/zimbabwe.jpg",
    "region": "Africa"
  }
]